pattern,checkIn,hours,category,oracle_price,oracle_plan,engine_price,engine_plan
平日,0,3.5,既存が割高(最適化漏れ),13800,"宿泊2部(平日)",11600,"ショート + 延長4本"
平日,0,4,既存が割高(最適化漏れ),13800,"宿泊2部(平日)",13000,"ショート + 延長5本"
平日,0,24,既存バグ(負),-25400,"宿泊2部(平日) + 延長-28本",24400,"宿泊2部 + 休憩(サービスタイム3部) + 延長2本"
平日,0.5,2,既存が割高(最適化漏れ),8800,"深夜休憩",7400,"ショート + 延長1本"
平日,0.5,3.5,既存が割高(最適化漏れ),13800,"宿泊2部(平日)",11600,"ショート + 延長4本"
平日,0.5,4,既存が割高(最適化漏れ),13800,"宿泊2部(平日)",13000,"ショート + 延長5本"
平日,0.5,23.5,既存バグ(負),-25400,"宿泊2部(平日) + 延長-28本",24400,"宿泊2部 + 休憩(サービスタイム3部) + 延長2本"
平日,0.5,24,既存バグ(負),-24000,"宿泊2部(平日) + 延長-27本",25800,"宿泊2部 + 休憩(サービスタイム3部) + 延長3本"
平日,1,1.5,既存が割高(最適化漏れ),8800,"深夜休憩",7400,"ショート + 延長1本"
平日,1,3.5,既存が割高(最適化漏れ),13800,"宿泊2部(平日)",13000,"ショート + 延長5本"
平日,1,23,既存バグ(負),-25400,"宿泊2部(平日) + 延長-28本",24400,"宿泊2部 + 休憩(サービスタイム3部) + 延長2本"
平日,1,23.5,既存バグ(負),-24000,"宿泊2部(平日) + 延長-27本",25800,"宿泊2部 + 休憩(サービスタイム3部) + 延長3本"
平日,1,24,既存バグ(負),-22600,"宿泊2部(平日) + 延長-26本",27200,"宿泊2部 + 休憩(サービスタイム3部) + 延長4本"
平日,1.5,1,既存が割高(最適化漏れ),8800,"深夜休憩",7400,"ショート + 延長1本"
平日,1.5,15,既存が割高(最適化漏れ),20800,"宿泊2部(平日) + 延長5本",20400,"前延長9本 + 休憩(サービスタイム1部)"
平日,1.5,15.5,既存が割高(最適化漏れ),21600,"宿泊2部(平日) + 休憩(サービスタイム3部)",20400,"前延長9本 + 休憩(サービスタイム1部)"
平日,1.5,16,既存が割高(最適化漏れ),21600,"宿泊2部(平日) + 休憩(サービスタイム3部)",20400,"前延長9本 + 休憩(サービスタイム1部)"
平日,1.5,16.5,既存が割高(最適化漏れ),21600,"宿泊2部(平日) + 休憩(サービスタイム3部)",20400,"前延長9本 + 休憩(サービスタイム1部)"
平日,9.5,17,既存が割高(最適化漏れ),21600,"休憩(サービスタイム1部)(平日) + 宿泊1部(平日)",21200,"前延長1本 + 休憩(サービスタイム2部) + 延長2本 + 休憩(M時間) + 延長1本"
平日,10,16.5,既存が割高(最適化漏れ),21600,"休憩(サービスタイム1部)(平日) + 宿泊1部(平日)",19800,"休憩(サービスタイム2部) + 延長2本 + 休憩(M時間) + 延長1本"
平日,10,17,既存が割高(最適化漏れ),21600,"休憩(サービスタイム1部)(平日) + 宿泊1部(平日)",21200,"休憩(サービスタイム2部) + 延長2本 + 休憩(M時間) + 延長2本"
平日,10.5,16,既存が割高(最適化漏れ),21600,"休憩(サービスタイム1部)(平日) + 宿泊1部(平日)",19800,"休憩(サービスタイム2部) + 延長2本 + 休憩(M時間) + 延長1本"
平日,10.5,16.5,既存が割高(最適化漏れ),21600,"休憩(サービスタイム1部)(平日) + 宿泊1部(平日)",21200,"休憩(サービスタイム2部) + 延長2本 + 休憩(M時間) + 延長2本"
平日,11,15.5,既存が割高(最適化漏れ),21600,"休憩(サービスタイム1部)(平日) + 宿泊1部(平日)",19800,"休憩(サービスタイム2部) + 延長2本 + 休憩(M時間) + 延長1本"
平日,11,16,既存が割高(最適化漏れ),21600,"休憩(サービスタイム1部)(平日) + 宿泊1部(平日)",21200,"休憩(サービスタイム2部) + 延長2本 + 休憩(M時間) + 延長2本"
平日,11.5,15,既存が割高(最適化漏れ),21600,"休憩(サービスタイム1部)(平日) + 宿泊1部(平日)",19800,"休憩(サービスタイム2部) + 延長2本 + 休憩(M時間) + 延長1本"
平日,11.5,15.5,既存が割高(最適化漏れ),21600,"休憩(サービスタイム1部)(平日) + 宿泊1部(平日)",21200,"休憩(サービスタイム2部) + 延長2本 + 休憩(M時間) + 延長2本"
平日,12,14.5,既存が割高(最適化漏れ),21600,"休憩(サービスタイム1部)(平日) + 宿泊1部(平日)",19800,"休憩(サービスタイム2部) + 延長2本 + 休憩(M時間) + 延長1本"
平日,12,15,既存が割高(最適化漏れ),21600,"休憩(サービスタイム1部)(平日) + 宿泊1部(平日)",21200,"休憩(サービスタイム2部) + 延長2本 + 休憩(M時間) + 延長2本"
平日,12.5,14,既存が割高(最適化漏れ),21600,"休憩(サービスタイム1部)(平日) + 宿泊1部(平日)",19800,"休憩(サービスタイム2部) + 延長2本 + 休憩(M時間) + 延長1本"
平日,12.5,14.5,既存が割高(最適化漏れ),21600,"休憩(サービスタイム1部)(平日) + 宿泊1部(平日)",21200,"休憩(サービスタイム2部) + 延長2本 + 休憩(M時間) + 延長2本"
平日,13,13.5,既存が割高(最適化漏れ),21600,"休憩(5時間)(平日) + 宿泊1部(平日)",19800,"前延長2本 + 休憩(サービスタイム3部) + 休憩(M時間) + 延長1本"
平日,13,14,既存が割高(最適化漏れ),21600,"休憩(5時間)(平日) + 宿泊1部(平日)",21200,"前延長2本 + 休憩(サービスタイム3部) + 休憩(M時間) + 延長2本"
平日,13.5,13,既存が割高(最適化漏れ),21600,"休憩(5時間)(平日) + 宿泊1部(平日)",18400,"前延長1本 + 休憩(サービスタイム3部) + 休憩(M時間) + 延長1本"
平日,13.5,13.5,既存が割高(最適化漏れ),21600,"休憩(5時間)(平日) + 宿泊1部(平日)",19800,"前延長1本 + 休憩(サービスタイム3部) + 休憩(M時間) + 延長2本"
平日,13.5,14,既存が割高(最適化漏れ),21600,"休憩(5時間)(平日) + 宿泊1部(平日)",21200,"前延長1本 + 休憩(サービスタイム3部) + 休憩(M時間) + 延長3本"
平日,13.5,23.5,既存が割高(最適化漏れ),24400,"休憩(5時間)(平日) + 宿泊1部(平日)+ 延長2本",23000,"前延長1本 + 休憩(サービスタイム3部) + 宿泊2部"
平日,13.5,24,既存が割高(最適化漏れ),25800,"休憩(5時間)(平日) + 宿泊1部(平日)+ 延長3本",23000,"前延長1本 + 休憩(サービスタイム3部) + 宿泊2部"
平日,14,12.5,既存が割高(最適化漏れ),21600,"休憩(サービスタイム3部)(平日)+ 宿泊2部(平日)",17000,"休憩(サービスタイム3部) + 休憩(M時間) + 延長1本"
平日,14,13,既存が割高(最適化漏れ),21600,"休憩(サービスタイム3部)(平日)+ 宿泊2部(平日)",18400,"休憩(サービスタイム3部) + 休憩(M時間) + 延長2本"
平日,14,13.5,既存が割高(最適化漏れ),21600,"休憩(サービスタイム3部)(平日)+ 宿泊2部(平日)",19800,"休憩(サービスタイム3部) + 休憩(M時間) + 延長3本"
平日,14,14,既存が割高(最適化漏れ),21600,"休憩(サービスタイム3部)(平日)+ 宿泊2部(平日)",21200,"休憩(サービスタイム3部) + 休憩(M時間) + 延長4本"
平日,14.5,12,既存が割高(最適化漏れ),21600,"休憩(サービスタイム3部)(平日)+ 宿泊2部(平日)",17000,"休憩(サービスタイム3部) + 休憩(M時間) + 延長1本"
平日,14.5,12.5,既存が割高(最適化漏れ),21600,"休憩(サービスタイム3部)(平日)+ 宿泊2部(平日)",18400,"休憩(サービスタイム3部) + 休憩(M時間) + 延長2本"
平日,14.5,13,既存が割高(最適化漏れ),21600,"休憩(サービスタイム3部)(平日)+ 宿泊2部(平日)",19800,"休憩(サービスタイム3部) + 休憩(M時間) + 延長3本"
平日,14.5,13.5,既存が割高(最適化漏れ),21600,"休憩(サービスタイム3部)(平日)+ 宿泊2部(平日)",21200,"休憩(サービスタイム3部) + 休憩(M時間) + 延長4本"
平日,15,11.5,既存が割高(最適化漏れ),21600,"休憩(サービスタイム3部)(平日)+ 宿泊2部(平日)",17000,"休憩(サービスタイム3部) + 休憩(M時間) + 延長1本"
平日,15,12,既存が割高(最適化漏れ),21600,"休憩(サービスタイム3部)(平日)+ 宿泊2部(平日)",18400,"休憩(サービスタイム3部) + 休憩(M時間) + 延長2本"
平日,15,12.5,既存が割高(最適化漏れ),21600,"休憩(サービスタイム3部)(平日)+ 宿泊2部(平日)",19800,"休憩(サービスタイム3部) + 休憩(M時間) + 延長3本"
平日,15,13,既存が割高(最適化漏れ),21600,"休憩(サービスタイム3部)(平日)+ 宿泊2部(平日)",21200,"休憩(サービスタイム3部) + 休憩(M時間) + 延長4本"
平日,15.5,11,既存が割高(最適化漏れ),20800,"前延長5本 + 宿泊1部(平日)",17000,"休憩(サービスタイム3部) + 休憩(M時間) + 延長1本"
平日,15.5,11.5,既存が割高(最適化漏れ),20800,"前延長5本 + 宿泊1部(平日)",18400,"休憩(サービスタイム3部) + 休憩(M時間) + 延長2本"
平日,15.5,12,既存が割高(最適化漏れ),20800,"前延長5本 + 宿泊1部(平日)",19800,"休憩(サービスタイム3部) + 休憩(M時間) + 延長3本"
平日,15.5,21,既存が割高(最適化漏れ),22200,"前延長5本 + 宿泊1部(平日) + 延長 1本",21600,"休憩(サービスタイム3部) + 宿泊2部"
平日,15.5,21.5,既存が割高(最適化漏れ),23600,"前延長5本 + 宿泊1部(平日) + 延長 2本",21600,"休憩(サービスタイム3部) + 宿泊2部"
平日,15.5,22,既存が割高(最適化漏れ),25000,"前延長5本 + 宿泊1部(平日) + 延長 3本",21600,"休憩(サービスタイム3部) + 宿泊2部"
平日,15.5,22.5,既存が割高(最適化漏れ),26400,"前延長5本 + 宿泊1部(平日) + 延長 4本",21600,"休憩(サービスタイム3部) + 宿泊2部"
平日,15.5,23,既存が割高(最適化漏れ),27800,"前延長5本 + 宿泊1部(平日) + 延長 5本",23000,"休憩(サービスタイム3部) + 宿泊2部 + 延長1本"
平日,15.5,23.5,既存が割高(最適化漏れ),28600,"前延長5本 + 宿泊1部(平日) + 休憩(サービスタイム2部)",24400,"休憩(サービスタイム3部) + 宿泊2部 + 延長2本"
平日,15.5,24,既存が割高(最適化漏れ),28600,"前延長5本 + 宿泊1部(平日) + 休憩(サービスタイム2部)",25800,"休憩(サービスタイム3部) + 宿泊2部 + 延長3本"
平日,16,10.5,新規構成(要確認),19400,"前延長4本 + 宿泊1部(平日)",17000,"休憩(M時間) + 休憩(M時間) + 延長1本"
平日,16,11,新規構成(要確認),19400,"前延長4本 + 宿泊1部(平日)",18400,"休憩(M時間) + 休憩(M時間) + 延長2本"
平日,16,21,既存が割高(最適化漏れ),22200,"前延長4本 + 宿泊1部(平日) + 延長 2本",21600,"休憩(サービスタイム3部) + 宿泊2部"
平日,16,21.5,既存が割高(最適化漏れ),23600,"前延長4本 + 宿泊1部(平日) + 延長 3本",21600,"休憩(サービスタイム3部) + 宿泊2部"
平日,16,22,既存が割高(最適化漏れ),25000,"前延長4本 + 宿泊1部(平日) + 延長 4本",21600,"休憩(サービスタイム3部) + 宿泊2部"
平日,16,22.5,既存が割高(最適化漏れ),26400,"前延長4本 + 宿泊1部(平日) + 延長 5本",23000,"休憩(サービスタイム3部) + 宿泊2部 + 延長1本"
平日,16,23,既存が割高(最適化漏れ),27200,"前延長4本 + 宿泊1部(平日) + 休憩(サービスタイム2部)",24400,"休憩(サービスタイム3部) + 宿泊2部 + 延長2本"
平日,16,23.5,既存が割高(最適化漏れ),27200,"前延長4本 + 宿泊1部(平日) + 休憩(サービスタイム2部)",25800,"休憩(サービスタイム3部) + 宿泊2部 + 延長3本"
平日,16.5,10,新規構成(要確認),18000,"前延長3本 + 宿泊1部(平日)",17000,"休憩(M時間) + 休憩(M時間) + 延長1本"
平日,16.5,21,既存が割高(最適化漏れ),22200,"前延長3本 + 宿泊1部(平日) + 延長 3本",21600,"休憩(サービスタイム3部) + 宿泊2部"
平日,16.5,21.5,既存が割高(最適化漏れ),23600,"前延長3本 + 宿泊1部(平日) + 延長 4本",21600,"休憩(サービスタイム3部) + 宿泊2部"
平日,16.5,22,既存が割高(最適化漏れ),25000,"前延長3本 + 宿泊1部(平日) + 延長 5本",23000,"休憩(サービスタイム3部) + 宿泊2部 + 延長1本"
平日,16.5,22.5,既存が割高(最適化漏れ),25800,"前延長3本 + 宿泊1部(平日) + 休憩(サービスタイム2部)",24400,"休憩(サービスタイム3部) + 宿泊2部 + 延長2本"
平日,17,21,既存が割高(最適化漏れ),22200,"前延長2本 + 宿泊1部(平日) + 延長 4本",21600,"休憩(M時間) + 宿泊2部"
平日,17,21.5,既存が割高(最適化漏れ),23600,"前延長2本 + 宿泊1部(平日) + 延長 5本",23000,"休憩(M時間) + 宿泊2部 + 延長1本"
平日,19.5,7,既存が割高(最適化漏れ),13800,"宿泊1部(平日)",13400,"前延長3本 + 休憩(M時間) + 延長1本"
平日,20,6.5,既存が割高(最適化漏れ),13800,"宿泊1部(平日)",12000,"前延長2本 + 休憩(M時間) + 延長1本"
平日,20,7,既存が割高(最適化漏れ),13800,"宿泊1部(平日)",13400,"前延長2本 + 休憩(M時間) + 延長2本"
平日,20.5,6,既存が割高(最適化漏れ),13800,"宿泊1部(平日)",10600,"前延長1本 + 休憩(M時間) + 延長1本"
平日,20.5,6.5,既存が割高(最適化漏れ),13800,"宿泊1部(平日)",12000,"前延長1本 + 休憩(M時間) + 延長2本"
平日,20.5,7,既存が割高(最適化漏れ),13800,"宿泊1部(平日)",13400,"前延長1本 + 休憩(M時間) + 延長3本"
平日,21,5.5,既存が割高(最適化漏れ),13800,"宿泊1部(平日)",9200,"休憩(M時間) + 延長1本"
平日,21,6,既存が割高(最適化漏れ),13800,"宿泊1部(平日)",10600,"休憩(M時間) + 延長2本"
平日,21,6.5,既存が割高(最適化漏れ),13800,"宿泊1部(平日)",12000,"休憩(M時間) + 延長3本"
平日,21,7,既存が割高(最適化漏れ),13800,"宿泊1部(平日)",13400,"休憩(M時間) + 延長4本"
平日,21.5,5,既存が割高(最適化漏れ),13800,"宿泊1部(平日)",9200,"休憩(M時間) + 延長1本"
平日,21.5,5.5,既存が割高(最適化漏れ),13800,"宿泊1部(平日)",10600,"休憩(M時間) + 延長2本"
平日,21.5,6,既存が割高(最適化漏れ),13800,"宿泊1部(平日)",12000,"休憩(M時間) + 延長3本"
平日,21.5,6.5,既存が割高(最適化漏れ),13800,"宿泊1部(平日)",13400,"休憩(M時間) + 延長4本"
平日,22,4.5,既存が割高(最適化漏れ),13800,"宿泊2部(平日)",9200,"休憩(M時間) + 延長1本"
平日,22,5,既存が割高(最適化漏れ),13800,"宿泊2部(平日)",10600,"休憩(M時間) + 延長2本"
平日,22,5.5,既存が割高(最適化漏れ),13800,"宿泊2部(平日)",12000,"休憩(M時間) + 延長3本"
平日,22,6,既存が割高(最適化漏れ),13800,"宿泊2部(平日)",13400,"休憩(M時間) + 延長4本"
平日,22.5,4,既存が割高(最適化漏れ),13800,"宿泊2部(平日)",9200,"休憩(M時間) + 延長1本"
平日,22.5,4.5,既存が割高(最適化漏れ),13800,"宿泊2部(平日)",10600,"休憩(M時間) + 延長2本"
平日,22.5,5,既存が割高(最適化漏れ),13800,"宿泊2部(平日)",12000,"休憩(M時間) + 延長3本"
平日,22.5,5.5,既存が割高(最適化漏れ),13800,"宿泊2部(平日)",13400,"休憩(M時間) + 延長4本"
平日,23,3.5,既存が割高(最適化漏れ),13800,"宿泊2部(平日)",9200,"休憩(M時間) + 延長1本"
平日,23,4,既存が割高(最適化漏れ),13800,"宿泊2部(平日)",10600,"休憩(M時間) + 延長2本"
平日,23,4.5,既存が割高(最適化漏れ),13800,"宿泊2部(平日)",12000,"休憩(M時間) + 延長3本"
平日,23,5,既存が割高(最適化漏れ),13800,"宿泊2部(平日)",13400,"休憩(M時間) + 延長4本"
平日,23.5,3.5,既存が割高(最適化漏れ),13800,"宿泊2部(平日)",10600,"休憩(M時間) + 延長2本"
平日,23.5,4,既存が割高(最適化漏れ),13800,"宿泊2部(平日)",12000,"休憩(M時間) + 延長3本"
平日,23.5,4.5,既存が割高(最適化漏れ),13800,"宿泊2部(平日)",13400,"休憩(M時間) + 延長4本"
日祝,0,3.5,既存が割高(最適化漏れ),13800,"宿泊2部",11600,"ショート + 延長4本"
日祝,0,4,既存が割高(最適化漏れ),13800,"宿泊2部",13000,"ショート + 延長5本"
日祝,0,12.5,既存が割高(最適化漏れ),15200,"宿泊2部 + 延長1本",13800,"宿泊2部"
日祝,0,13,既存が割高(最適化漏れ),16600,"宿泊2部 + 延長2本",13800,"宿泊2部"
日祝,0,13.5,既存が割高(最適化漏れ),18000,"宿泊2部 + 延長3本",13800,"宿泊2部"
日祝,0,14,既存が割高(最適化漏れ),19400,"宿泊2部 + 延長4本",13800,"宿泊2部"
日祝,0,14.5,既存が割高(最適化漏れ),20800,"宿泊2部 + 延長5本",15200,"宿泊2部 + 延長1本"
日祝,0,15,既存が割高(最適化漏れ),21600,"宿泊1部 + 休憩(サービスタイム2部)",16600,"宿泊2部 + 延長2本"
日祝,0,15.5,既存が割高(最適化漏れ),21600,"宿泊1部 + 休憩(サービスタイム2部)",18000,"宿泊2部 + 延長3本"
日祝,0,16,既存が割高(最適化漏れ),21600,"宿泊1部 + 休憩(サービスタイム2部)",19400,"宿泊2部 + 延長4本"
日祝,0,16.5,既存が割高(最適化漏れ),21600,"宿泊1部 + 休憩(サービスタイム2部)",20800,"宿泊2部 + 延長5本"
日祝,0,19.5,既存が割高(最適化漏れ),23000,"宿泊1部 + 休憩(サービスタイム2部) + 延長1本",21600,"宿泊2部 + 休憩(サービスタイム3部)"
日祝,0,20,既存が割高(最適化漏れ),24400,"宿泊1部 + 休憩(サービスタイム2部) + 延長2本",21600,"宿泊2部 + 休憩(サービスタイム3部)"
日祝,0,20.5,既存が割高(最適化漏れ),25800,"宿泊1部 + 休憩(サービスタイム2部) + 延長3本",21600,"宿泊2部 + 休憩(サービスタイム3部)"
日祝,0,21,既存が割高(最適化漏れ),27200,"宿泊2部 + 前延長4本 + 休憩(サービスタイム3部)",21600,"宿泊2部 + 休憩(サービスタイム3部)"
日祝,0,21.5,既存が割高(最適化漏れ),27200,"宿泊2部 + 前延長4本 + 休憩(サービスタイム3部)",21600,"宿泊2部 + 休憩(サービスタイム3部)"
日祝,0,22,既存が割高(最適化漏れ),27200,"宿泊2部 + 前延長4本 + 休憩(サービスタイム3部)",21600,"宿泊2部 + 休憩(サービスタイム3部)"
日祝,0,22.5,既存が割高(最適化漏れ),28600,"宿泊2部 + 前延長4本 + 休憩(サービスタイム3部) + 延長1本",23000,"宿泊2部 + 休憩(サービスタイム3部) + 延長1本"
日祝,0,23,既存が割高(最適化漏れ),29400,"宿泊1部 + 休憩(サービスタイム2部) + 休憩(4時間)",24400,"宿泊2部 + 休憩(サービスタイム3部) + 延長2本"
日祝,0,23.5,既存が割高(最適化漏れ),30800,"宿泊1部 + 休憩(サービスタイム2部) + 休憩(4時間) + 延長1本",25800,"宿泊2部 + 休憩(サービスタイム3部) + 延長3本"
日祝,0,24,既存が割高(最適化漏れ),32200,"宿泊1部 + 休憩(サービスタイム2部) + 休憩(4時間) + 延長2本",27200,"宿泊2部 + 休憩(サービスタイム3部) + 延長4本"
日祝,0.5,2,既存が割高(最適化漏れ),8800,"深夜休憩",7400,"ショート + 延長1本"
日祝,0.5,3.5,既存が割高(最適化漏れ),13800,"宿泊2部",11600,"ショート + 延長4本"
日祝,0.5,4,既存が割高(最適化漏れ),13800,"宿泊2部",13000,"ショート + 延長5本"
日祝,0.5,12,既存が割高(最適化漏れ),15200,"宿泊2部 + 延長1本",13800,"宿泊2部"
日祝,0.5,12.5,既存が割高(最適化漏れ),16600,"宿泊2部 + 延長2本",13800,"宿泊2部"
日祝,0.5,13,既存が割高(最適化漏れ),18000,"宿泊2部 + 延長3本",13800,"宿泊2部"
日祝,0.5,13.5,既存が割高(最適化漏れ),19400,"宿泊2部 + 延長4本",13800,"宿泊2部"
日祝,0.5,14,既存が割高(最適化漏れ),20800,"宿泊2部 + 延長5本",15200,"宿泊2部 + 延長1本"
日祝,0.5,14.5,既存が割高(最適化漏れ),21600,"宿泊1部 + 休憩(サービスタイム2部)",16600,"宿泊2部 + 延長2本"
日祝,0.5,15,既存が割高(最適化漏れ),21600,"宿泊1部 + 休憩(サービスタイム2部)",18000,"宿泊2部 + 延長3本"
日祝,0.5,15.5,既存が割高(最適化漏れ),21600,"宿泊1部 + 休憩(サービスタイム2部)",19400,"宿泊2部 + 延長4本"
日祝,0.5,16,既存が割高(最適化漏れ),21600,"宿泊1部 + 休憩(サービスタイム2部)",20800,"宿泊2部 + 延長5本"
日祝,0.5,19,既存が割高(最適化漏れ),23000,"宿泊1部 + 休憩(サービスタイム2部) + 延長1本",21600,"宿泊2部 + 休憩(サービスタイム3部)"
日祝,0.5,19.5,既存が割高(最適化漏れ),24400,"宿泊1部 + 休憩(サービスタイム2部) + 延長2本",21600,"宿泊2部 + 休憩(サービスタイム3部)"
日祝,0.5,20,既存が割高(最適化漏れ),25800,"宿泊1部 + 休憩(サービスタイム2部) + 延長3本",21600,"宿泊2部 + 休憩(サービスタイム3部)"
日祝,0.5,20.5,既存が割高(最適化漏れ),27200,"宿泊2部 + 前延長4本 + 休憩(サービスタイム3部)",21600,"宿泊2部 + 休憩(サービスタイム3部)"
日祝,0.5,21,既存が割高(最適化漏れ),27200,"宿泊2部 + 前延長4本 + 休憩(サービスタイム3部)",21600,"宿泊2部 + 休憩(サービスタイム3部)"
日祝,0.5,21.5,既存が割高(最適化漏れ),27200,"宿泊2部 + 前延長4本 + 休憩(サービスタイム3部)",21600,"宿泊2部 + 休憩(サービスタイム3部)"
日祝,0.5,22,既存が割高(最適化漏れ),28600,"宿泊2部 + 前延長4本 + 休憩(サービスタイム3部) + 延長1本",23000,"宿泊2部 + 休憩(サービスタイム3部) + 延長1本"
日祝,0.5,22.5,既存が割高(最適化漏れ),29400,"宿泊1部 + 休憩(サービスタイム2部) + 休憩(4時間)",24400,"宿泊2部 + 休憩(サービスタイム3部) + 延長2本"
日祝,0.5,23,既存が割高(最適化漏れ),30800,"宿泊1部 + 休憩(サービスタイム2部) + 休憩(4時間) + 延長1本",25800,"宿泊2部 + 休憩(サービスタイム3部) + 延長3本"
日祝,0.5,23.5,既存が割高(最適化漏れ),32200,"宿泊1部 + 休憩(サービスタイム2部) + 休憩(4時間) + 延長2本",27200,"宿泊2部 + 休憩(サービスタイム3部) + 延長4本"
日祝,0.5,24,既存が割高(最適化漏れ),33600,"宿泊1部 + 休憩(サービスタイム2部) + 休憩(4時間) + 延長3本",28600,"宿泊2部 + 休憩(サービスタイム3部) + 延長5本"
日祝,1,1.5,既存が割高(最適化漏れ),8800,"深夜休憩",7400,"ショート + 延長1本"
日祝,1,3.5,既存が割高(最適化漏れ),13800,"宿泊2部",13000,"ショート + 延長5本"
日祝,1,11.5,既存が割高(最適化漏れ),15200,"宿泊2部 + 延長1本",13800,"宿泊2部"
日祝,1,12,既存が割高(最適化漏れ),16600,"宿泊2部 + 延長2本",13800,"宿泊2部"
日祝,1,12.5,既存が割高(最適化漏れ),18000,"宿泊2部 + 延長3本",13800,"宿泊2部"
日祝,1,13,既存が割高(最適化漏れ),19400,"宿泊2部 + 延長4本",13800,"宿泊2部"
日祝,1,13.5,既存が割高(最適化漏れ),20800,"宿泊2部 + 延長5本",15200,"宿泊2部 + 延長1本"
日祝,1,14,既存が割高(最適化漏れ),21600,"宿泊1部 + 休憩(サービスタイム2部)",16600,"宿泊2部 + 延長2本"
日祝,1,14.5,既存が割高(最適化漏れ),21600,"宿泊1部 + 休憩(サービスタイム2部)",18000,"宿泊2部 + 延長3本"
日祝,1,15,既存が割高(最適化漏れ),21600,"宿泊1部 + 休憩(サービスタイム2部)",19400,"宿泊2部 + 延長4本"
日祝,1,15.5,既存が割高(最適化漏れ),21600,"宿泊1部 + 休憩(サービスタイム2部)",20800,"宿泊2部 + 延長5本"
日祝,1,18.5,既存が割高(最適化漏れ),23000,"宿泊1部 + 休憩(サービスタイム2部) + 延長1本",21600,"宿泊2部 + 休憩(サービスタイム3部)"
日祝,1,19,既存が割高(最適化漏れ),24400,"宿泊1部 + 休憩(サービスタイム2部) + 延長2本",21600,"宿泊2部 + 休憩(サービスタイム3部)"
日祝,1,19.5,既存が割高(最適化漏れ),25800,"宿泊1部 + 休憩(サービスタイム2部) + 延長3本",21600,"宿泊2部 + 休憩(サービスタイム3部)"
日祝,1,20,既存が割高(最適化漏れ),27200,"宿泊2部 + 前延長4本 + 休憩(サービスタイム3部)",21600,"宿泊2部 + 休憩(サービスタイム3部)"
日祝,1,20.5,既存が割高(最適化漏れ),27200,"宿泊2部 + 前延長4本 + 休憩(サービスタイム3部)",21600,"宿泊2部 + 休憩(サービスタイム3部)"
日祝,1,21,既存が割高(最適化漏れ),27200,"宿泊2部 + 前延長4本 + 休憩(サービスタイム3部)",21600,"宿泊2部 + 休憩(サービスタイム3部)"
日祝,1,21.5,既存が割高(最適化漏れ),28600,"宿泊2部 + 前延長4本 + 休憩(サービスタイム3部) + 延長1本",23000,"宿泊2部 + 休憩(サービスタイム3部) + 延長1本"
日祝,1,22,既存が割高(最適化漏れ),29400,"宿泊1部 + 休憩(サービスタイム2部) + 休憩(4時間)",24400,"宿泊2部 + 休憩(サービスタイム3部) + 延長2本"
日祝,1,22.5,既存が割高(最適化漏れ),30800,"宿泊1部 + 休憩(サービスタイム2部) + 休憩(4時間) + 延長1本",25800,"宿泊2部 + 休憩(サービスタイム3部) + 延長3本"
日祝,1,23,既存が割高(最適化漏れ),32200,"宿泊1部 + 休憩(サービスタイム2部) + 休憩(4時間) + 延長2本",27200,"宿泊2部 + 休憩(サービスタイム3部) + 延長4本"
日祝,1,23.5,既存が割高(最適化漏れ),33600,"宿泊1部 + 休憩(サービスタイム2部) + 休憩(4時間) + 延長3本",28600,"宿泊2部 + 休憩(サービスタイム3部) + 延長5本"
日祝,1,24,既存が割高(最適化漏れ),35000,"宿泊2部 + 前延長4本 + 休憩(サービスタイム3部) + 休憩(4時間)",29400,"宿泊2部 + 休憩(サービスタイム3部) + 休憩(M時間)"
日祝,1.5,1,既存が割高(最適化漏れ),8800,"深夜休憩",7400,"ショート + 延長1本"
日祝,1.5,11,既存が割高(最適化漏れ),15200,"宿泊2部 + 延長1本",13800,"宿泊2部"
日祝,1.5,11.5,既存が割高(最適化漏れ),16600,"宿泊2部 + 延長2本",13800,"宿泊2部"
日祝,1.5,12,既存が割高(最適化漏れ),18000,"宿泊2部 + 延長3本",13800,"宿泊2部"
日祝,1.5,12.5,既存が割高(最適化漏れ),19400,"宿泊2部 + 延長4本",13800,"宿泊2部"
日祝,1.5,13,既存が割高(最適化漏れ),20800,"宿泊2部 + 延長5本",15200,"宿泊2部 + 延長1本"
日祝,1.5,13.5,既存が割高(最適化漏れ),21600,"宿泊1部 + 休憩(サービスタイム2部)",16600,"宿泊2部 + 延長2本"
日祝,1.5,14,既存が割高(最適化漏れ),21600,"宿泊1部 + 休憩(サービスタイム2部)",18000,"宿泊2部 + 延長3本"
日祝,1.5,14.5,既存が割高(最適化漏れ),21600,"宿泊1部 + 休憩(サービスタイム2部)",19400,"宿泊2部 + 延長4本"
日祝,1.5,15,既存が割高(最適化漏れ),21600,"宿泊1部 + 休憩(サービスタイム2部)",20800,"宿泊2部 + 延長5本"
日祝,1.5,18,既存が割高(最適化漏れ),23000,"宿泊1部 + 休憩(サービスタイム2部) + 延長1本",21600,"宿泊2部 + 休憩(サービスタイム3部)"
日祝,1.5,18.5,既存が割高(最適化漏れ),24400,"宿泊1部 + 休憩(サービスタイム2部) + 延長2本",21600,"宿泊2部 + 休憩(サービスタイム3部)"
日祝,1.5,19,既存が割高(最適化漏れ),25800,"宿泊1部 + 休憩(サービスタイム2部) + 延長3本",21600,"宿泊2部 + 休憩(サービスタイム3部)"
日祝,1.5,19.5,既存が割高(最適化漏れ),27200,"宿泊2部 + 前延長4本 + 休憩(サービスタイム3部)",21600,"宿泊2部 + 休憩(サービスタイム3部)"
日祝,1.5,20,既存が割高(最適化漏れ),27200,"宿泊2部 + 前延長4本 + 休憩(サービスタイム3部)",21600,"宿泊2部 + 休憩(サービスタイム3部)"
日祝,1.5,20.5,既存が割高(最適化漏れ),27200,"宿泊2部 + 前延長4本 + 休憩(サービスタイム3部)",21600,"宿泊2部 + 休憩(サービスタイム3部)"
日祝,1.5,21,既存が割高(最適化漏れ),28600,"宿泊2部 + 前延長4本 + 休憩(サービスタイム3部) + 延長1本",23000,"宿泊2部 + 休憩(サービスタイム3部) + 延長1本"
日祝,1.5,21.5,既存が割高(最適化漏れ),29400,"宿泊1部 + 休憩(サービスタイム2部) + 休憩(4時間)",24400,"宿泊2部 + 休憩(サービスタイム3部) + 延長2本"
日祝,1.5,22,既存が割高(最適化漏れ),30800,"宿泊1部 + 休憩(サービスタイム2部) + 休憩(4時間) + 延長1本",25800,"宿泊2部 + 休憩(サービスタイム3部) + 延長3本"
日祝,1.5,22.5,既存が割高(最適化漏れ),32200,"宿泊1部 + 休憩(サービスタイム2部) + 休憩(4時間) + 延長2本",27200,"宿泊2部 + 休憩(サービスタイム3部) + 延長4本"
日祝,1.5,23,既存が割高(最適化漏れ),33600,"宿泊1部 + 休憩(サービスタイム2部) + 休憩(4時間) + 延長3本",28600,"宿泊2部 + 休憩(サービスタイム3部) + 延長5本"
日祝,1.5,23.5,既存が割高(最適化漏れ),35000,"宿泊2部 + 前延長4本 + 休憩(サービスタイム3部) + 休憩(4時間)",29400,"宿泊2部 + 休憩(サービスタイム3部) + 休憩(M時間)"
日祝,1.5,24,既存が割高(最適化漏れ),35000,"宿泊2部 + 前延長4本 + 休憩(サービスタイム3部) + 休憩(4時間)",29400,"宿泊2部 + 休憩(サービスタイム3部) + 休憩(M時間)"
日祝,6,20.5,既存が割高(最適化漏れ),27200,"休憩(サービスタイム1部) + 延長4本 + 宿泊1部",24800,"休憩(サービスタイム1部) + 休憩(サービスタイム3部) + 休憩(M時間) + 延長1本"
日祝,6,21,既存が割高(最適化漏れ),27200,"休憩(サービスタイム1部) + 延長4本 + 宿泊1部",26200,"休憩(サービスタイム1部) + 休憩(サービスタイム3部) + 休憩(M時間) + 延長2本"
日祝,6.5,20,既存が割高(最適化漏れ),27200,"休憩(サービスタイム1部) + 延長4本 + 宿泊1部",24800,"休憩(サービスタイム1部) + 休憩(サービスタイム3部) + 休憩(M時間) + 延長1本"
日祝,6.5,20.5,既存が割高(最適化漏れ),27200,"休憩(サービスタイム1部) + 延長4本 + 宿泊1部",26200,"休憩(サービスタイム1部) + 休憩(サービスタイム3部) + 休憩(M時間) + 延長2本"
日祝,7,19.5,既存が割高(最適化漏れ),27200,"休憩(サービスタイム1部) + 延長4本 + 宿泊1部",24800,"休憩(サービスタイム1部) + 休憩(サービスタイム3部) + 休憩(M時間) + 延長1本"
日祝,7,20,既存が割高(最適化漏れ),27200,"休憩(サービスタイム1部) + 延長4本 + 宿泊1部",26200,"休憩(サービスタイム1部) + 休憩(サービスタイム3部) + 休憩(M時間) + 延長2本"
日祝,7.5,19,既存が割高(最適化漏れ),27200,"休憩(サービスタイム1部) + 延長4本 + 宿泊1部",24800,"休憩(サービスタイム1部) + 休憩(サービスタイム3部) + 休憩(M時間) + 延長1本"
日祝,7.5,19.5,既存が割高(最適化漏れ),27200,"休憩(サービスタイム1部) + 延長4本 + 宿泊1部",26200,"休憩(サービスタイム1部) + 休憩(サービスタイム3部) + 休憩(M時間) + 延長2本"
日祝,8,18.5,既存が割高(最適化漏れ),27200,"休憩(サービスタイム1部) + 延長4本 + 宿泊1部",24800,"休憩(サービスタイム1部) + 休憩(サービスタイム3部) + 休憩(M時間) + 延長1本"
日祝,8,19,既存が割高(最適化漏れ),27200,"休憩(サービスタイム1部) + 延長4本 + 宿泊1部",26200,"休憩(サービスタイム1部) + 休憩(サービスタイム3部) + 休憩(M時間) + 延長2本"
日祝,8.5,18,既存が割高(最適化漏れ),25800,"前延長3本 + 休憩(サービスタイム2部) + 宿泊1部",24800,"休憩(サービスタイム1部) + 休憩(サービスタイム3部) + 休憩(M時間) + 延長1本"
日祝,12.5,14,既存が割高(最適化漏れ),21600,"休憩(サービスタイム2部) + 宿泊1部",21200,"前延長3本 + 休憩(サービスタイム3部) + 休憩(M時間) + 延長1本"
日祝,13,13.5,既存が割高(最適化漏れ),21600,"休憩(サービスタイム2部) + 宿泊1部",19800,"前延長2本 + 休憩(サービスタイム3部) + 休憩(M時間) + 延長1本"
日祝,13,14,既存が割高(最適化漏れ),21600,"休憩(サービスタイム2部) + 宿泊1部",21200,"前延長2本 + 休憩(サービスタイム3部) + 休憩(M時間) + 延長2本"
日祝,13.5,13,既存が割高(最適化漏れ),21600,"休憩(サービスタイム2部) + 宿泊1部",18400,"前延長1本 + 休憩(サービスタイム3部) + 休憩(M時間) + 延長1本"
日祝,13.5,13.5,既存が割高(最適化漏れ),21600,"休憩(サービスタイム2部) + 宿泊1部",19800,"前延長1本 + 休憩(サービスタイム3部) + 休憩(M時間) + 延長2本"
日祝,13.5,14,既存が割高(最適化漏れ),21600,"休憩(サービスタイム2部) + 宿泊1部",21200,"前延長1本 + 休憩(サービスタイム3部) + 休憩(M時間) + 延長3本"
日祝,13.5,23.5,既存が割高(最適化漏れ),24400,"休憩(サービスタイム2部) + 宿泊1部 + 延長2本",23000,"前延長1本 + 休憩(サービスタイム3部) + 宿泊2部"
日祝,13.5,24,既存が割高(最適化漏れ),25800,"休憩(サービスタイム2部) + 宿泊1部 + 延長3本",23000,"前延長1本 + 休憩(サービスタイム3部) + 宿泊2部"
日祝,14,12.5,既存が割高(最適化漏れ),21600,"休憩(サービスタイム3部) + 宿泊2部",17000,"休憩(サービスタイム3部) + 休憩(M時間) + 延長1本"
日祝,14,13,既存が割高(最適化漏れ),21600,"休憩(サービスタイム3部) + 宿泊2部",18400,"休憩(サービスタイム3部) + 休憩(M時間) + 延長2本"
日祝,14,13.5,既存が割高(最適化漏れ),21600,"休憩(サービスタイム3部) + 宿泊2部",19800,"休憩(サービスタイム3部) + 休憩(M時間) + 延長3本"
日祝,14,14,既存が割高(最適化漏れ),21600,"休憩(サービスタイム3部) + 宿泊2部",21200,"休憩(サービスタイム3部) + 休憩(M時間) + 延長4本"
日祝,14.5,12,既存が割高(最適化漏れ),21600,"休憩(サービスタイム3部) + 宿泊2部",17000,"休憩(サービスタイム3部) + 休憩(M時間) + 延長1本"
日祝,14.5,12.5,既存が割高(最適化漏れ),21600,"休憩(サービスタイム3部) + 宿泊2部",18400,"休憩(サービスタイム3部) + 休憩(M時間) + 延長2本"
日祝,14.5,13,既存が割高(最適化漏れ),21600,"休憩(サービスタイム3部) + 宿泊2部",19800,"休憩(サービスタイム3部) + 休憩(M時間) + 延長3本"
日祝,14.5,13.5,既存が割高(最適化漏れ),21600,"休憩(サービスタイム3部) + 宿泊2部",21200,"休憩(サービスタイム3部) + 休憩(M時間) + 延長4本"
日祝,15,11.5,既存が割高(最適化漏れ),21600,"休憩(サービスタイム3部) + 宿泊2部",17000,"休憩(サービスタイム3部) + 休憩(M時間) + 延長1本"
日祝,15,12,既存が割高(最適化漏れ),21600,"休憩(サービスタイム3部) + 宿泊2部",18400,"休憩(サービスタイム3部) + 休憩(M時間) + 延長2本"
日祝,15,12.5,既存が割高(最適化漏れ),21600,"休憩(サービスタイム3部) + 宿泊2部",19800,"休憩(サービスタイム3部) + 休憩(M時間) + 延長3本"
日祝,15,13,既存が割高(最適化漏れ),21600,"休憩(サービスタイム3部) + 宿泊2部",21200,"休憩(サービスタイム3部) + 休憩(M時間) + 延長4本"
日祝,15.5,11,既存が割高(最適化漏れ),20800,"前延長5本 + 宿泊1部",17000,"休憩(サービスタイム3部) + 休憩(M時間) + 延長1本"
日祝,15.5,11.5,既存が割高(最適化漏れ),20800,"前延長5本 + 宿泊1部",18400,"休憩(サービスタイム3部) + 休憩(M時間) + 延長2本"
日祝,15.5,12,既存が割高(最適化漏れ),20800,"前延長5本 + 宿泊1部",19800,"休憩(サービスタイム3部) + 休憩(M時間) + 延長3本"
日祝,15.5,21,既存が割高(最適化漏れ),22200,"前延長5本 + 宿泊1部 + 延長1本",21600,"休憩(サービスタイム3部) + 宿泊2部"
日祝,15.5,21.5,既存が割高(最適化漏れ),23600,"前延長5本 + 宿泊1部 + 延長2本",21600,"休憩(サービスタイム3部) + 宿泊2部"
日祝,15.5,22,既存が割高(最適化漏れ),25000,"前延長5本 + 宿泊1部 + 延長3本",21600,"休憩(サービスタイム3部) + 宿泊2部"
日祝,15.5,22.5,既存が割高(最適化漏れ),26400,"前延長5本 + 宿泊1部 + 延長4本",21600,"休憩(サービスタイム3部) + 宿泊2部"
日祝,15.5,23,既存が割高(最適化漏れ),27800,"前延長5本 + 宿泊1部 + 延長5本",23000,"休憩(サービスタイム3部) + 宿泊2部 + 延長1本"
日祝,15.5,23.5,既存が割高(最適化漏れ),28600,"前延長5本 + 宿泊1部 + 休憩(サービスタイム2部)",24400,"休憩(サービスタイム3部) + 宿泊2部 + 延長2本"
日祝,15.5,24,既存が割高(最適化漏れ),28600,"前延長5本 + 宿泊1部 + 休憩(サービスタイム2部)",25800,"休憩(サービスタイム3部) + 宿泊2部 + 延長3本"
日祝,16,10.5,既存が割高(最適化漏れ),19400,"前延長4本 + 宿泊1部",17000,"休憩(サービスタイム3部) + 休憩(M時間) + 延長1本"
日祝,16,11,既存が割高(最適化漏れ),19400,"前延長4本 + 宿泊1部",18400,"休憩(サービスタイム3部) + 休憩(M時間) + 延長2本"
日祝,16,21,既存が割高(最適化漏れ),22200,"前延長4本 + 宿泊1部 + 延長2本",21600,"休憩(サービスタイム3部) + 宿泊2部"
日祝,16,21.5,既存が割高(最適化漏れ),23600,"前延長4本 + 宿泊1部 + 延長3本",21600,"休憩(サービスタイム3部) + 宿泊2部"
日祝,16,22,既存が割高(最適化漏れ),25000,"前延長4本 + 宿泊1部 + 延長4本",21600,"休憩(サービスタイム3部) + 宿泊2部"
日祝,16,22.5,既存が割高(最適化漏れ),26400,"前延長4本 + 宿泊1部 + 延長5本",23000,"休憩(サービスタイム3部) + 宿泊2部 + 延長1本"
日祝,16,23,既存が割高(最適化漏れ),27200,"前延長4本 + 宿泊1部 + 休憩(サービスタイム2部)",24400,"休憩(サービスタイム3部) + 宿泊2部 + 延長2本"
日祝,16,23.5,既存が割高(最適化漏れ),27200,"前延長4本 + 宿泊1部 + 休憩(サービスタイム2部)",25800,"休憩(サービスタイム3部) + 宿泊2部 + 延長3本"
日祝,16.5,10,既存が割高(最適化漏れ),18000,"前延長3本 + 宿泊1部",17000,"休憩(サービスタイム3部) + 休憩(M時間) + 延長1本"
日祝,16.5,21,既存が割高(最適化漏れ),22200,"前延長3本 + 宿泊1部 + 延長3本",21600,"休憩(サービスタイム3部) + 宿泊2部"
日祝,16.5,21.5,既存が割高(最適化漏れ),23600,"前延長3本 + 宿泊1部 + 延長4本",21600,"休憩(サービスタイム3部) + 宿泊2部"
日祝,16.5,22,既存が割高(最適化漏れ),25000,"前延長3本 + 宿泊1部 + 延長5本",23000,"休憩(サービスタイム3部) + 宿泊2部 + 延長1本"
日祝,16.5,22.5,既存が割高(最適化漏れ),25800,"前延長3本 + 宿泊1部 + 休憩(サービスタイム2部)",24400,"休憩(サービスタイム3部) + 宿泊2部 + 延長2本"
日祝,17,21,既存が割高(最適化漏れ),22200,"前延長2本 + 宿泊1部 + 延長4本",21600,"休憩(サービスタイム3部) + 宿泊2部"
日祝,17,21.5,既存が割高(最適化漏れ),23600,"前延長2本 + 宿泊1部 + 延長5本",23000,"休憩(サービスタイム3部) + 宿泊2部 + 延長1本"
日祝,19.5,24,既存の過少請求(延長取りこぼし),21600,"宿泊1部 + 休憩(サービスタイム2部)",23000,"宿泊1部 + 休憩(サービスタイム2部) + 延長1本"
日祝,20,23.5,既存の過少請求(延長取りこぼし),21600,"宿泊1部 + 休憩(サービスタイム2部)",23000,"宿泊1部 + 休憩(サービスタイム2部) + 延長1本"
日祝,20,24,既存の過少請求(延長取りこぼし),21600,"宿泊1部 + 休憩(サービスタイム2部)",24400,"宿泊1部 + 休憩(サービスタイム2部) + 延長2本"
日祝,20.5,6,既存が割高(最適化漏れ),13800,"宿泊1部",13400,"前延長3本 + 休憩(M時間) + 延長1本"
日祝,20.5,23,既存の過少請求(延長取りこぼし),21600,"宿泊1部 + 休憩(サービスタイム2部)",23000,"宿泊1部 + 休憩(サービスタイム2部) + 延長1本"
日祝,20.5,23.5,既存の過少請求(延長取りこぼし),21600,"宿泊1部 + 休憩(サービスタイム2部)",24400,"宿泊1部 + 休憩(サービスタイム2部) + 延長2本"
日祝,20.5,24,既存の過少請求(延長取りこぼし),23000,"宿泊1部 + 休憩(サービスタイム2部) + 延長1本",25800,"前延長3本 + 宿泊2部 + 休憩(サービスタイム3部)"
日祝,21,5.5,既存が割高(最適化漏れ),13800,"宿泊1部",12000,"前延長2本 + 休憩(M時間) + 延長1本"
日祝,21,6,既存が割高(最適化漏れ),13800,"宿泊1部",13400,"前延長2本 + 休憩(M時間) + 延長2本"
日祝,21,22.5,既存の過少請求(延長取りこぼし),21600,"宿泊1部 + 休憩(サービスタイム2部)",23000,"宿泊1部 + 休憩(サービスタイム2部) + 延長1本"
日祝,21,23,既存の過少請求(延長取りこぼし),21600,"宿泊1部 + 休憩(サービスタイム2部)",24400,"前延長2本 + 宿泊2部 + 休憩(サービスタイム3部)"
日祝,21,23.5,既存の過少請求(延長取りこぼし),23000,"宿泊1部 + 休憩(サービスタイム2部) + 延長1本",24400,"前延長2本 + 宿泊2部 + 休憩(サービスタイム3部)"
日祝,21.5,5,既存が割高(最適化漏れ),13800,"宿泊1部",10600,"前延長1本 + 休憩(M時間) + 延長1本"
日祝,21.5,5.5,既存が割高(最適化漏れ),13800,"宿泊1部",12000,"前延長1本 + 休憩(M時間) + 延長2本"
日祝,21.5,6,既存が割高(最適化漏れ),13800,"宿泊1部",13400,"前延長1本 + 休憩(M時間) + 延長3本"
日祝,21.5,22,既存の過少請求(延長取りこぼし),21600,"宿泊1部 + 休憩(サービスタイム2部)",23000,"前延長1本 + 宿泊2部 + 休憩(サービスタイム3部)"
日祝,21.5,22.5,既存の過少請求(延長取りこぼし),21600,"宿泊1部 + 休憩(サービスタイム2部)",23000,"前延長1本 + 宿泊2部 + 休憩(サービスタイム3部)"
日祝,22,4.5,既存が割高(最適化漏れ),13800,"宿泊2部",9200,"休憩(M時間) + 延長1本"
日祝,22,5,既存が割高(最適化漏れ),13800,"宿泊2部",10600,"休憩(M時間) + 延長2本"
日祝,22,5.5,既存が割高(最適化漏れ),13800,"宿泊2部",12000,"休憩(M時間) + 延長3本"
日祝,22,6,既存が割高(最適化漏れ),13800,"宿泊2部",13400,"休憩(M時間) + 延長4本"
日祝,22.5,4,既存が割高(最適化漏れ),13800,"宿泊2部",9200,"休憩(M時間) + 延長1本"
日祝,22.5,4.5,既存が割高(最適化漏れ),13800,"宿泊2部",10600,"休憩(M時間) + 延長2本"
日祝,22.5,5,既存が割高(最適化漏れ),13800,"宿泊2部",12000,"休憩(M時間) + 延長3本"
日祝,22.5,5.5,既存が割高(最適化漏れ),13800,"宿泊2部",13400,"休憩(M時間) + 延長4本"
日祝,22.5,24,既存の過少請求(延長取りこぼし),21600,"宿泊2部 + 休憩(サービスタイム3部)",23000,"宿泊2部 + 休憩(サービスタイム3部) + 延長1本"
日祝,23,3.5,既存が割高(最適化漏れ),13800,"宿泊2部",9200,"休憩(M時間) + 延長1本"
日祝,23,4,既存が割高(最適化漏れ),13800,"宿泊2部",10600,"休憩(M時間) + 延長2本"
日祝,23,4.5,既存が割高(最適化漏れ),13800,"宿泊2部",12000,"休憩(M時間) + 延長3本"
日祝,23,5,既存が割高(最適化漏れ),13800,"宿泊2部",13400,"休憩(M時間) + 延長4本"
日祝,23,23.5,既存の過少請求(延長取りこぼし),21600,"宿泊2部 + 休憩(サービスタイム3部)",23000,"宿泊2部 + 休憩(サービスタイム3部) + 延長1本"
日祝,23,24,既存の過少請求(延長取りこぼし),21600,"宿泊2部 + 休憩(サービスタイム3部)",24400,"宿泊2部 + 休憩(サービスタイム3部) + 延長2本"
日祝,23.5,3.5,既存が割高(最適化漏れ),13800,"宿泊2部",10600,"休憩(M時間) + 延長2本"
日祝,23.5,4,既存が割高(最適化漏れ),13800,"宿泊2部",12000,"休憩(M時間) + 延長3本"
日祝,23.5,4.5,既存が割高(最適化漏れ),13800,"宿泊2部",13400,"休憩(M時間) + 延長4本"
日祝,23.5,23,既存の過少請求(延長取りこぼし),21600,"宿泊2部 + 休憩(サービスタイム3部)",23000,"宿泊2部 + 休憩(サービスタイム3部) + 延長1本"
日祝,23.5,23.5,既存の過少請求(延長取りこぼし),21600,"宿泊2部 + 休憩(サービスタイム3部)",24400,"宿泊2部 + 休憩(サービスタイム3部) + 延長2本"
日祝,23.5,24,既存の過少請求(延長取りこぼし),23000,"宿泊2部 + 休憩(サービスタイム3部) + 延長1本",25800,"宿泊2部 + 休憩(サービスタイム3部) + 延長3本"
土,0,3.5,既存が割高(最適化漏れ),13800,"宿泊2部",11600,"ショート + 延長4本"
土,0,4,既存が割高(最適化漏れ),13800,"宿泊2部",13000,"ショート + 延長5本"
土,0.5,2,既存が割高(最適化漏れ),8800,"深夜休憩",7400,"ショート + 延長1本"
土,0.5,3.5,既存が割高(最適化漏れ),13800,"宿泊2部",11600,"ショート + 延長4本"
土,0.5,4,既存が割高(最適化漏れ),13800,"宿泊2部",13000,"ショート + 延長5本"
土,1,1.5,既存が割高(最適化漏れ),8800,"深夜休憩",7400,"ショート + 延長1本"
土,1,3.5,既存が割高(最適化漏れ),13800,"宿泊2部",13000,"ショート + 延長5本"
土,1.5,1,既存が割高(最適化漏れ),8800,"深夜休憩",7400,"ショート + 延長1本"
土,1.5,13,既存が割高(最適化漏れ),20800,"宿泊2部 + 延長5本",20400,"前延長9本 + 休憩(サービスタイム1部)"
土,1.5,13.5,既存が割高(最適化漏れ),21600,"宿泊1部 + 休憩(サービスタイム2部)",20400,"前延長9本 + 休憩(サービスタイム1部)"
土,1.5,14,既存が割高(最適化漏れ),21600,"宿泊1部 + 休憩(サービスタイム2部)",20400,"前延長9本 + 休憩(サービスタイム1部)"
土,1.5,14.5,既存が割高(最適化漏れ),21600,"宿泊1部 + 休憩(サービスタイム2部)",20400,"前延長9本 + 休憩(サービスタイム1部)"
土,6,20.5,既存が割高(最適化漏れ),27200,"休憩(サービスタイム1部) + 延長4本 + 宿泊1部",24800,"休憩(サービスタイム1部) + 休憩(サービスタイム3部) + 休憩(M時間) + 延長1本"
土,6,21,既存が割高(最適化漏れ),27200,"休憩(サービスタイム1部) + 延長4本 + 宿泊1部",26200,"休憩(サービスタイム1部) + 休憩(サービスタイム3部) + 休憩(M時間) + 延長2本"
土,6,21.5,既存の過少請求(延長取りこぼし),27200,"休憩(サービスタイム1部) + 延長4本 + 宿泊1部",27600,"休憩(サービスタイム1部) + 休憩(サービスタイム3部) + 休憩(M時間) + 延長3本"
土,6,22,既存の過少請求(延長取りこぼし),27200,"休憩(サービスタイム1部) + 延長4本 + 宿泊1部",29000,"休憩(サービスタイム1部) + 休憩(サービスタイム3部) + 休憩(M時間) + 延長4本"
土,6,22.5,既存の過少請求(延長取りこぼし),27200,"休憩(サービスタイム1部) + 延長4本 + 宿泊1部",29400,"休憩(M時間) + 休憩(サービスタイム2部) + 宿泊1部"
土,6,23,既存の過少請求(延長取りこぼし),27200,"休憩(サービスタイム1部) + 延長4本 + 宿泊1部",29400,"休憩(M時間) + 休憩(サービスタイム2部) + 宿泊1部"
土,6,23.5,既存の過少請求(延長取りこぼし),27200,"休憩(サービスタイム1部) + 延長4本 + 宿泊1部",29400,"休憩(M時間) + 休憩(サービスタイム2部) + 宿泊1部"
土,6,24,既存の過少請求(延長取りこぼし),27200,"休憩(サービスタイム1部) + 延長4本 + 宿泊1部",29400,"休憩(M時間) + 休憩(サービスタイム2部) + 宿泊1部"
土,6.5,20,既存が割高(最適化漏れ),27200,"休憩(サービスタイム1部) + 延長4本 + 宿泊1部",24800,"休憩(サービスタイム1部) + 休憩(サービスタイム3部) + 休憩(M時間) + 延長1本"
土,6.5,20.5,既存が割高(最適化漏れ),27200,"休憩(サービスタイム1部) + 延長4本 + 宿泊1部",26200,"休憩(サービスタイム1部) + 休憩(サービスタイム3部) + 休憩(M時間) + 延長2本"
土,6.5,21,既存の過少請求(延長取りこぼし),27200,"休憩(サービスタイム1部) + 延長4本 + 宿泊1部",27600,"休憩(サービスタイム1部) + 休憩(サービスタイム3部) + 休憩(M時間) + 延長3本"
土,6.5,21.5,既存の過少請求(延長取りこぼし),27200,"休憩(サービスタイム1部) + 延長4本 + 宿泊1部",29000,"休憩(サービスタイム1部) + 休憩(サービスタイム3部) + 休憩(M時間) + 延長4本"
土,6.5,22,既存の過少請求(延長取りこぼし),27200,"休憩(サービスタイム1部) + 延長4本 + 宿泊1部",29400,"休憩(M時間) + 休憩(サービスタイム2部) + 宿泊1部"
土,6.5,22.5,既存の過少請求(延長取りこぼし),27200,"休憩(サービスタイム1部) + 延長4本 + 宿泊1部",29400,"休憩(M時間) + 休憩(サービスタイム2部) + 宿泊1部"
土,6.5,23,既存の過少請求(延長取りこぼし),27200,"休憩(サービスタイム1部) + 延長4本 + 宿泊1部",29400,"休憩(M時間) + 休憩(サービスタイム2部) + 宿泊1部"
土,6.5,23.5,既存の過少請求(延長取りこぼし),27200,"休憩(サービスタイム1部) + 延長4本 + 宿泊1部",29400,"休憩(M時間) + 休憩(サービスタイム2部) + 宿泊1部"
土,6.5,24,既存の過少請求(延長取りこぼし),27200,"休憩(サービスタイム1部) + 延長4本 + 宿泊1部",29400,"休憩(M時間) + 休憩(サービスタイム2部) + 宿泊1部"
土,7,19.5,既存が割高(最適化漏れ),27200,"休憩(サービスタイム1部) + 延長4本 + 宿泊1部",24800,"休憩(サービスタイム1部) + 休憩(サービスタイム3部) + 休憩(M時間) + 延長1本"
土,7,20,既存が割高(最適化漏れ),27200,"休憩(サービスタイム1部) + 延長4本 + 宿泊1部",26200,"休憩(サービスタイム1部) + 休憩(サービスタイム3部) + 休憩(M時間) + 延長2本"
土,7,20.5,既存の過少請求(延長取りこぼし),27200,"休憩(サービスタイム1部) + 延長4本 + 宿泊1部",27600,"休憩(サービスタイム1部) + 休憩(サービスタイム3部) + 休憩(M時間) + 延長3本"
土,7,21,既存の過少請求(延長取りこぼし),27200,"休憩(サービスタイム1部) + 延長4本 + 宿泊1部",29000,"休憩(サービスタイム1部) + 休憩(サービスタイム3部) + 休憩(M時間) + 延長4本"
土,7,21.5,既存の過少請求(延長取りこぼし),27200,"休憩(サービスタイム1部) + 延長4本 + 宿泊1部",29400,"休憩(M時間) + 休憩(サービスタイム2部) + 宿泊1部"
土,7,22,既存の過少請求(延長取りこぼし),27200,"休憩(サービスタイム1部) + 延長4本 + 宿泊1部",29400,"休憩(M時間) + 休憩(サービスタイム2部) + 宿泊1部"
土,7,22.5,既存の過少請求(延長取りこぼし),27200,"休憩(サービスタイム1部) + 延長4本 + 宿泊1部",29400,"休憩(M時間) + 休憩(サービスタイム2部) + 宿泊1部"
土,7,23,既存の過少請求(延長取りこぼし),27200,"休憩(サービスタイム1部) + 延長4本 + 宿泊1部",29400,"休憩(M時間) + 休憩(サービスタイム2部) + 宿泊1部"
土,7,23.5,既存の過少請求(延長取りこぼし),27200,"休憩(サービスタイム1部) + 延長4本 + 宿泊1部",29400,"休憩(M時間) + 休憩(サービスタイム2部) + 宿泊1部"
土,7,24,既存の過少請求(延長取りこぼし),27200,"休憩(サービスタイム1部) + 延長4本 + 宿泊1部",29400,"休憩(M時間) + 休憩(サービスタイム2部) + 宿泊1部"
土,7.5,19,既存が割高(最適化漏れ),27200,"休憩(サービスタイム1部) + 延長4本 + 宿泊1部",24800,"休憩(サービスタイム1部) + 休憩(サービスタイム3部) + 休憩(M時間) + 延長1本"
土,7.5,19.5,既存が割高(最適化漏れ),27200,"休憩(サービスタイム1部) + 延長4本 + 宿泊1部",26200,"休憩(サービスタイム1部) + 休憩(サービスタイム3部) + 休憩(M時間) + 延長2本"
土,7.5,20,既存の過少請求(延長取りこぼし),27200,"休憩(サービスタイム1部) + 延長4本 + 宿泊1部",27600,"休憩(サービスタイム1部) + 休憩(サービスタイム3部) + 休憩(M時間) + 延長3本"
土,7.5,20.5,既存の過少請求(延長取りこぼし),27200,"休憩(サービスタイム1部) + 延長4本 + 宿泊1部",28600,"前延長5本 + 休憩(サービスタイム2部) + 宿泊1部"
土,7.5,21,既存の過少請求(延長取りこぼし),27200,"休憩(サービスタイム1部) + 延長4本 + 宿泊1部",28600,"前延長5本 + 休憩(サービスタイム2部) + 宿泊1部"
土,7.5,21.5,既存の過少請求(延長取りこぼし),27200,"休憩(サービスタイム1部) + 延長4本 + 宿泊1部",28600,"前延長5本 + 休憩(サービスタイム2部) + 宿泊1部"
土,7.5,22,既存の過少請求(延長取りこぼし),27200,"休憩(サービスタイム1部) + 延長4本 + 宿泊1部",28600,"前延長5本 + 休憩(サービスタイム2部) + 宿泊1部"
土,7.5,22.5,既存の過少請求(延長取りこぼし),27200,"休憩(サービスタイム1部) + 延長4本 + 宿泊1部",28600,"前延長5本 + 休憩(サービスタイム2部) + 宿泊1部"
土,7.5,23,既存の過少請求(延長取りこぼし),27200,"休憩(サービスタイム1部) + 延長4本 + 宿泊1部",28600,"前延長5本 + 休憩(サービスタイム2部) + 宿泊1部"
土,7.5,23.5,既存の過少請求(延長取りこぼし),27200,"休憩(サービスタイム1部) + 延長4本 + 宿泊1部",28600,"前延長5本 + 休憩(サービスタイム2部) + 宿泊1部"
土,7.5,24,既存の過少請求(延長取りこぼし),27200,"休憩(サービスタイム1部) + 延長4本 + 宿泊1部",28600,"前延長5本 + 休憩(サービスタイム2部) + 宿泊1部"
土,8,18.5,既存が割高(最適化漏れ),27200,"休憩(サービスタイム1部) + 延長4本 + 宿泊1部",24800,"休憩(サービスタイム1部) + 休憩(サービスタイム3部) + 休憩(M時間) + 延長1本"
土,8,19,既存が割高(最適化漏れ),27200,"休憩(サービスタイム1部) + 延長4本 + 宿泊1部",26200,"休憩(サービスタイム1部) + 休憩(サービスタイム3部) + 休憩(M時間) + 延長2本"
土,8.5,18,既存が割高(最適化漏れ),25800,"前延長3本 + 休憩(サービスタイム2部) + 宿泊1部",24800,"休憩(サービスタイム1部) + 休憩(サービスタイム3部) + 休憩(M時間) + 延長1本"
土,10.5,24,既存の過少請求(延長取りこぼし),21600,"休憩(サービスタイム2部) + 宿泊1部",23000,"休憩(サービスタイム2部) + 宿泊1部 + 延長1本"
土,11,23.5,既存の過少請求(延長取りこぼし),21600,"休憩(サービスタイム2部) + 宿泊1部",23000,"休憩(サービスタイム2部) + 宿泊1部 + 延長1本"
土,11,24,既存の過少請求(延長取りこぼし),21600,"休憩(サービスタイム2部) + 宿泊1部",24400,"休憩(サービスタイム2部) + 宿泊1部 + 延長2本"
土,11.5,23,既存の過少請求(延長取りこぼし),21600,"休憩(サービスタイム2部) + 宿泊1部",23000,"休憩(サービスタイム2部) + 宿泊1部 + 延長1本"
土,11.5,23.5,既存の過少請求(延長取りこぼし),21600,"休憩(サービスタイム2部) + 宿泊1部",24400,"休憩(サービスタイム2部) + 宿泊1部 + 延長2本"
土,11.5,24,既存の過少請求(延長取りこぼし),21600,"休憩(サービスタイム2部) + 宿泊1部",25800,"休憩(サービスタイム2部) + 宿泊1部 + 延長3本"
土,12,22.5,既存の過少請求(延長取りこぼし),21600,"休憩(サービスタイム2部) + 宿泊1部",23000,"休憩(サービスタイム2部) + 宿泊1部 + 延長1本"
土,12,23,既存の過少請求(延長取りこぼし),21600,"休憩(サービスタイム2部) + 宿泊1部",24400,"休憩(サービスタイム2部) + 宿泊1部 + 延長2本"
土,12,23.5,既存の過少請求(延長取りこぼし),21600,"休憩(サービスタイム2部) + 宿泊1部",25800,"休憩(サービスタイム2部) + 宿泊1部 + 延長3本"
土,12,24,既存の過少請求(延長取りこぼし),21600,"休憩(サービスタイム2部) + 宿泊1部",27200,"前延長4本 + 休憩(サービスタイム3部) + 宿泊2部"
土,12.5,14,既存が割高(最適化漏れ),21600,"休憩(サービスタイム2部) + 宿泊1部",21200,"前延長3本 + 休憩(サービスタイム3部) + 休憩(M時間) + 延長1本"
土,12.5,22,既存の過少請求(延長取りこぼし),21600,"休憩(サービスタイム2部) + 宿泊1部",23000,"休憩(サービスタイム2部) + 宿泊1部 + 延長1本"
土,12.5,22.5,既存の過少請求(延長取りこぼし),21600,"休憩(サービスタイム2部) + 宿泊1部",24400,"休憩(サービスタイム2部) + 宿泊1部 + 延長2本"
土,12.5,23,既存の過少請求(延長取りこぼし),21600,"休憩(サービスタイム2部) + 宿泊1部",25800,"前延長3本 + 休憩(サービスタイム3部) + 宿泊2部"
土,12.5,23.5,既存の過少請求(延長取りこぼし),21600,"休憩(サービスタイム2部) + 宿泊1部",25800,"前延長3本 + 休憩(サービスタイム3部) + 宿泊2部"
土,12.5,24,既存の過少請求(延長取りこぼし),23000,"休憩(サービスタイム2部) + 宿泊1部 + 延長1本",27200,"前延長3本 + 休憩(サービスタイム3部) + 宿泊2部 + 延長1本"
土,13,13.5,既存が割高(最適化漏れ),21600,"休憩(サービスタイム2部) + 宿泊1部",19800,"前延長2本 + 休憩(サービスタイム3部) + 休憩(M時間) + 延長1本"
土,13,14,既存が割高(最適化漏れ),21600,"休憩(サービスタイム2部) + 宿泊1部",21200,"前延長2本 + 休憩(サービスタイム3部) + 休憩(M時間) + 延長2本"
土,13,21.5,既存の過少請求(延長取りこぼし),21600,"休憩(サービスタイム2部) + 宿泊1部",23000,"休憩(サービスタイム2部) + 宿泊1部 + 延長1本"
土,13,22,既存の過少請求(延長取りこぼし),21600,"休憩(サービスタイム2部) + 宿泊1部",24400,"前延長2本 + 休憩(サービスタイム3部) + 宿泊2部"
土,13,22.5,既存の過少請求(延長取りこぼし),21600,"休憩(サービスタイム2部) + 宿泊1部",24400,"前延長2本 + 休憩(サービスタイム3部) + 宿泊2部"
土,13,23,既存の過少請求(延長取りこぼし),21600,"休憩(サービスタイム2部) + 宿泊1部",24400,"前延長2本 + 休憩(サービスタイム3部) + 宿泊2部"
土,13,23.5,既存の過少請求(延長取りこぼし),23000,"休憩(サービスタイム2部) + 宿泊1部 + 延長1本",25800,"前延長2本 + 休憩(サービスタイム3部) + 宿泊2部 + 延長1本"
土,13,24,既存の過少請求(延長取りこぼし),24400,"休憩(サービスタイム2部) + 宿泊1部 + 延長2本",27200,"前延長2本 + 休憩(サービスタイム3部) + 宿泊2部 + 延長2本"
土,13.5,13,既存が割高(最適化漏れ),21600,"休憩(サービスタイム2部) + 宿泊1部",18400,"前延長1本 + 休憩(サービスタイム3部) + 休憩(M時間) + 延長1本"
土,13.5,13.5,既存が割高(最適化漏れ),21600,"休憩(サービスタイム2部) + 宿泊1部",19800,"前延長1本 + 休憩(サービスタイム3部) + 休憩(M時間) + 延長2本"
土,13.5,14,既存が割高(最適化漏れ),21600,"休憩(サービスタイム2部) + 宿泊1部",21200,"前延長1本 + 休憩(サービスタイム3部) + 休憩(M時間) + 延長3本"
土,13.5,21,既存の過少請求(延長取りこぼし),21600,"休憩(サービスタイム2部) + 宿泊1部",23000,"前延長1本 + 休憩(サービスタイム3部) + 宿泊2部"
土,13.5,21.5,既存の過少請求(延長取りこぼし),21600,"休憩(サービスタイム2部) + 宿泊1部",23000,"前延長1本 + 休憩(サービスタイム3部) + 宿泊2部"
土,13.5,22,既存の過少請求(延長取りこぼし),21600,"休憩(サービスタイム2部) + 宿泊1部",23000,"前延長1本 + 休憩(サービスタイム3部) + 宿泊2部"
土,13.5,22.5,既存の過少請求(延長取りこぼし),21600,"休憩(サービスタイム2部) + 宿泊1部",23000,"前延長1本 + 休憩(サービスタイム3部) + 宿泊2部"
土,13.5,23,既存の過少請求(延長取りこぼし),23000,"休憩(サービスタイム2部) + 宿泊1部 + 延長1本",24400,"前延長1本 + 休憩(サービスタイム3部) + 宿泊2部 + 延長1本"
土,13.5,23.5,既存の過少請求(延長取りこぼし),24400,"休憩(サービスタイム2部) + 宿泊1部 + 延長2本",25800,"前延長1本 + 休憩(サービスタイム3部) + 宿泊2部 + 延長2本"
土,13.5,24,既存の過少請求(延長取りこぼし),25800,"休憩(サービスタイム2部) + 宿泊1部 + 延長3本",27200,"前延長1本 + 休憩(サービスタイム3部) + 宿泊2部 + 延長3本"
土,14,12.5,既存が割高(最適化漏れ),21600,"休憩(サービスタイム3部) + 宿泊2部",17000,"休憩(サービスタイム3部) + 休憩(M時間) + 延長1本"
土,14,13,既存が割高(最適化漏れ),21600,"休憩(サービスタイム3部) + 宿泊2部",18400,"休憩(サービスタイム3部) + 休憩(M時間) + 延長2本"
土,14,13.5,既存が割高(最適化漏れ),21600,"休憩(サービスタイム3部) + 宿泊2部",19800,"休憩(サービスタイム3部) + 休憩(M時間) + 延長3本"
土,14,14,既存が割高(最適化漏れ),21600,"休憩(サービスタイム3部) + 宿泊2部",21200,"休憩(サービスタイム3部) + 休憩(M時間) + 延長4本"
土,14,22.5,既存の過少請求(延長取りこぼし),21600,"休憩(サービスタイム3部) + 宿泊2部",23000,"休憩(サービスタイム3部) + 宿泊2部 + 延長1本"
土,14,23,既存の過少請求(延長取りこぼし),21600,"休憩(サービスタイム3部) + 宿泊2部",24400,"休憩(サービスタイム3部) + 宿泊2部 + 延長2本"
土,14,23.5,既存の過少請求(延長取りこぼし),21600,"休憩(サービスタイム3部) + 宿泊2部",25800,"休憩(サービスタイム3部) + 宿泊2部 + 延長3本"
土,14,24,既存の過少請求(延長取りこぼし),21600,"休憩(サービスタイム3部) + 宿泊2部",27200,"休憩(サービスタイム3部) + 宿泊2部 + 延長4本"
土,14.5,12,既存が割高(最適化漏れ),21600,"休憩(サービスタイム3部) + 宿泊2部",17000,"休憩(サービスタイム3部) + 休憩(M時間) + 延長1本"
土,14.5,12.5,既存が割高(最適化漏れ),21600,"休憩(サービスタイム3部) + 宿泊2部",18400,"休憩(サービスタイム3部) + 休憩(M時間) + 延長2本"
土,14.5,13,既存が割高(最適化漏れ),21600,"休憩(サービスタイム3部) + 宿泊2部",19800,"休憩(サービスタイム3部) + 休憩(M時間) + 延長3本"
土,14.5,13.5,既存が割高(最適化漏れ),21600,"休憩(サービスタイム3部) + 宿泊2部",21200,"休憩(サービスタイム3部) + 休憩(M時間) + 延長4本"
土,14.5,22,既存の過少請求(延長取りこぼし),21600,"休憩(サービスタイム3部) + 宿泊2部",23000,"休憩(サービスタイム3部) + 宿泊2部 + 延長1本"
土,14.5,22.5,既存の過少請求(延長取りこぼし),21600,"休憩(サービスタイム3部) + 宿泊2部",24400,"休憩(サービスタイム3部) + 宿泊2部 + 延長2本"
土,14.5,23,既存の過少請求(延長取りこぼし),21600,"休憩(サービスタイム3部) + 宿泊2部",25800,"休憩(サービスタイム3部) + 宿泊2部 + 延長3本"
土,14.5,23.5,既存の過少請求(延長取りこぼし),21600,"休憩(サービスタイム3部) + 宿泊2部",27200,"休憩(サービスタイム3部) + 宿泊2部 + 延長4本"
土,14.5,24,既存の過少請求(延長取りこぼし),23000,"休憩(サービスタイム3部) + 宿泊2部+ 延長1本",28600,"休憩(サービスタイム3部) + 宿泊2部 + 延長5本"
土,15,11.5,既存が割高(最適化漏れ),21600,"休憩(サービスタイム3部) + 宿泊2部",17000,"休憩(サービスタイム3部) + 休憩(M時間) + 延長1本"
土,15,12,既存が割高(最適化漏れ),21600,"休憩(サービスタイム3部) + 宿泊2部",18400,"休憩(サービスタイム3部) + 休憩(M時間) + 延長2本"
土,15,12.5,既存が割高(最適化漏れ),21600,"休憩(サービスタイム3部) + 宿泊2部",19800,"休憩(サービスタイム3部) + 休憩(M時間) + 延長3本"
土,15,13,既存が割高(最適化漏れ),21600,"休憩(サービスタイム3部) + 宿泊2部",21200,"休憩(サービスタイム3部) + 休憩(M時間) + 延長4本"
土,15,21.5,既存の過少請求(延長取りこぼし),21600,"休憩(サービスタイム3部) + 宿泊2部",23000,"休憩(サービスタイム3部) + 宿泊2部 + 延長1本"
土,15,22,既存の過少請求(延長取りこぼし),21600,"休憩(サービスタイム3部) + 宿泊2部",24400,"休憩(サービスタイム3部) + 宿泊2部 + 延長2本"
土,15,22.5,既存の過少請求(延長取りこぼし),21600,"休憩(サービスタイム3部) + 宿泊2部",25800,"休憩(サービスタイム3部) + 宿泊2部 + 延長3本"
土,15,23,既存の過少請求(延長取りこぼし),21600,"休憩(サービスタイム3部) + 宿泊2部",27200,"休憩(サービスタイム3部) + 宿泊2部 + 延長4本"
土,15,23.5,既存の過少請求(延長取りこぼし),23000,"休憩(サービスタイム3部) + 宿泊2部+ 延長1本",28600,"休憩(サービスタイム3部) + 宿泊2部 + 延長5本"
土,15,24,既存の過少請求(延長取りこぼし),24400,"休憩(サービスタイム3部) + 宿泊2部+ 延長2本",29400,"休憩(M時間) + 宿泊1部 + 休憩(サービスタイム1部)"
土,15.5,11,既存が割高(最適化漏れ),20800,"前延長5本 + 宿泊1部",17000,"休憩(サービスタイム3部) + 休憩(M時間) + 延長1本"
土,15.5,11.5,既存が割高(最適化漏れ),20800,"前延長5本 + 宿泊1部",18400,"休憩(サービスタイム3部) + 休憩(M時間) + 延長2本"
土,15.5,12,既存が割高(最適化漏れ),20800,"前延長5本 + 宿泊1部",19800,"休憩(サービスタイム3部) + 休憩(M時間) + 延長3本"
土,15.5,12.5,既存の過少請求(延長取りこぼし),20800,"前延長5本 + 宿泊1部",21200,"休憩(サービスタイム3部) + 休憩(M時間) + 延長4本"
土,15.5,13,既存の過少請求(延長取りこぼし),20800,"前延長5本 + 宿泊1部",21600,"休憩(M時間) + 宿泊1部"
土,15.5,13.5,既存の過少請求(延長取りこぼし),20800,"前延長5本 + 宿泊1部",21600,"休憩(M時間) + 宿泊1部"
土,15.5,14,既存の過少請求(延長取りこぼし),20800,"前延長5本 + 宿泊1部",21600,"休憩(M時間) + 宿泊1部"
土,15.5,14.5,既存の過少請求(延長取りこぼし),20800,"前延長5本 + 宿泊1部",21600,"休憩(M時間) + 宿泊1部"
土,15.5,15,既存の過少請求(延長取りこぼし),20800,"前延長5本 + 宿泊1部",21600,"休憩(M時間) + 宿泊1部"
土,15.5,15.5,既存の過少請求(延長取りこぼし),20800,"前延長5本 + 宿泊1部",21600,"休憩(M時間) + 宿泊1部"
土,15.5,16,既存の過少請求(延長取りこぼし),20800,"前延長5本 + 宿泊1部",21600,"休憩(M時間) + 宿泊1部"
土,15.5,16.5,既存の過少請求(延長取りこぼし),20800,"前延長5本 + 宿泊1部",21600,"休憩(M時間) + 宿泊1部"
土,15.5,17,既存の過少請求(延長取りこぼし),20800,"前延長5本 + 宿泊1部",21600,"休憩(M時間) + 宿泊1部"
土,15.5,17.5,既存の過少請求(延長取りこぼし),20800,"前延長5本 + 宿泊1部",21600,"休憩(M時間) + 宿泊1部"
土,15.5,18,既存の過少請求(延長取りこぼし),20800,"前延長5本 + 宿泊1部",21600,"休憩(M時間) + 宿泊1部"
土,15.5,18.5,既存の過少請求(延長取りこぼし),20800,"前延長5本 + 宿泊1部",21600,"休憩(M時間) + 宿泊1部"
土,15.5,19,既存の過少請求(延長取りこぼし),20800,"前延長5本 + 宿泊1部",21600,"休憩(サービスタイム3部) + 宿泊2部"
土,15.5,19.5,既存の過少請求(延長取りこぼし),20800,"前延長5本 + 宿泊1部",21600,"休憩(サービスタイム3部) + 宿泊2部"
土,15.5,20,既存の過少請求(延長取りこぼし),20800,"前延長5本 + 宿泊1部",21600,"休憩(サービスタイム3部) + 宿泊2部"
土,15.5,20.5,既存の過少請求(延長取りこぼし),20800,"前延長5本 + 宿泊1部",21600,"休憩(サービスタイム3部) + 宿泊2部"
土,15.5,21,既存の過少請求(延長取りこぼし),22200,"前延長5本 + 宿泊1部 + 延長1本",23000,"休憩(サービスタイム3部) + 宿泊2部 + 延長1本"
土,15.5,21.5,既存の過少請求(延長取りこぼし),23600,"前延長5本 + 宿泊1部 + 延長2本",24400,"休憩(サービスタイム3部) + 宿泊2部 + 延長2本"
土,15.5,22,既存の過少請求(延長取りこぼし),25000,"前延長5本 + 宿泊1部 + 延長3本",25800,"休憩(サービスタイム3部) + 宿泊2部 + 延長3本"
土,15.5,22.5,既存の過少請求(延長取りこぼし),26400,"前延長5本 + 宿泊1部 + 延長4本",27200,"休憩(サービスタイム3部) + 宿泊2部 + 延長4本"
土,15.5,23,既存の過少請求(延長取りこぼし),27800,"前延長5本 + 宿泊1部 + 延長5本",28600,"休憩(サービスタイム3部) + 宿泊2部 + 延長5本"
土,15.5,23.5,既存の過少請求(延長取りこぼし),28600,"前延長5本 + 宿泊1部 + 休憩(サービスタイム2部)",29400,"休憩(M時間) + 宿泊1部 + 休憩(サービスタイム1部)"
土,15.5,24,既存の過少請求(延長取りこぼし),28600,"前延長5本 + 宿泊1部 + 休憩(サービスタイム2部)",29400,"休憩(M時間) + 宿泊1部 + 休憩(サービスタイム1部)"
土,16,10.5,既存が割高(最適化漏れ),19400,"前延長4本 + 宿泊1部",17000,"休憩(サービスタイム3部) + 休憩(M時間) + 延長1本"
土,16,11,既存が割高(最適化漏れ),19400,"前延長4本 + 宿泊1部",18400,"休憩(サービスタイム3部) + 休憩(M時間) + 延長2本"
土,16,11.5,既存の過少請求(延長取りこぼし),19400,"前延長4本 + 宿泊1部",19800,"休憩(サービスタイム3部) + 休憩(M時間) + 延長3本"
土,16,12,既存の過少請求(延長取りこぼし),19400,"前延長4本 + 宿泊1部",21200,"休憩(サービスタイム3部) + 休憩(M時間) + 延長4本"
土,16,12.5,既存の過少請求(延長取りこぼし),19400,"前延長4本 + 宿泊1部",21600,"休憩(M時間) + 宿泊1部"
土,16,13,既存の過少請求(延長取りこぼし),19400,"前延長4本 + 宿泊1部",21600,"休憩(M時間) + 宿泊1部"
土,16,13.5,既存の過少請求(延長取りこぼし),19400,"前延長4本 + 宿泊1部",21600,"休憩(M時間) + 宿泊1部"
土,16,14,既存の過少請求(延長取りこぼし),19400,"前延長4本 + 宿泊1部",21600,"休憩(M時間) + 宿泊1部"
土,16,14.5,既存の過少請求(延長取りこぼし),19400,"前延長4本 + 宿泊1部",21600,"休憩(M時間) + 宿泊1部"
土,16,15,既存の過少請求(延長取りこぼし),19400,"前延長4本 + 宿泊1部",21600,"休憩(M時間) + 宿泊1部"
土,16,15.5,既存の過少請求(延長取りこぼし),19400,"前延長4本 + 宿泊1部",21600,"休憩(M時間) + 宿泊1部"
土,16,16,既存の過少請求(延長取りこぼし),19400,"前延長4本 + 宿泊1部",21600,"休憩(M時間) + 宿泊1部"
土,16,16.5,既存の過少請求(延長取りこぼし),19400,"前延長4本 + 宿泊1部",21600,"休憩(M時間) + 宿泊1部"
土,16,17,既存の過少請求(延長取りこぼし),19400,"前延長4本 + 宿泊1部",21600,"休憩(M時間) + 宿泊1部"
土,16,17.5,既存の過少請求(延長取りこぼし),19400,"前延長4本 + 宿泊1部",21600,"休憩(M時間) + 宿泊1部"
土,16,18,既存の過少請求(延長取りこぼし),19400,"前延長4本 + 宿泊1部",21600,"休憩(M時間) + 宿泊1部"
土,16,18.5,既存の過少請求(延長取りこぼし),19400,"前延長4本 + 宿泊1部",21600,"休憩(サービスタイム3部) + 宿泊2部"
土,16,19,既存の過少請求(延長取りこぼし),19400,"前延長4本 + 宿泊1部",21600,"休憩(サービスタイム3部) + 宿泊2部"
土,16,19.5,既存の過少請求(延長取りこぼし),19400,"前延長4本 + 宿泊1部",21600,"休憩(サービスタイム3部) + 宿泊2部"
土,16,20,既存の過少請求(延長取りこぼし),19400,"前延長4本 + 宿泊1部",21600,"休憩(サービスタイム3部) + 宿泊2部"
土,16,20.5,既存の過少請求(延長取りこぼし),20800,"前延長4本 + 宿泊1部 + 延長1本",23000,"休憩(サービスタイム3部) + 宿泊2部 + 延長1本"
土,16,21,既存の過少請求(延長取りこぼし),22200,"前延長4本 + 宿泊1部 + 延長2本",24400,"休憩(サービスタイム3部) + 宿泊2部 + 延長2本"
土,16,21.5,既存の過少請求(延長取りこぼし),23600,"前延長4本 + 宿泊1部 + 延長3本",25800,"休憩(サービスタイム3部) + 宿泊2部 + 延長3本"
土,16,22,既存の過少請求(延長取りこぼし),25000,"前延長4本 + 宿泊1部 + 延長4本",27200,"休憩(サービスタイム3部) + 宿泊2部 + 延長4本"
土,16,22.5,既存の過少請求(延長取りこぼし),26400,"前延長4本 + 宿泊1部 + 延長5本",28600,"休憩(サービスタイム3部) + 宿泊2部 + 延長5本"
土,16,23,既存の過少請求(延長取りこぼし),27200,"前延長4本 + 宿泊1部 + 休憩(サービスタイム2部)",29400,"休憩(M時間) + 宿泊1部 + 休憩(サービスタイム1部)"
土,16,23.5,既存の過少請求(延長取りこぼし),27200,"前延長4本 + 宿泊1部 + 休憩(サービスタイム2部)",29400,"休憩(M時間) + 宿泊1部 + 休憩(サービスタイム1部)"
土,16,24,既存の過少請求(延長取りこぼし),27200,"前延長4本 + 宿泊1部 + 休憩(サービスタイム2部)",29400,"休憩(M時間) + 宿泊1部 + 休憩(サービスタイム1部)"
土,16.5,10,既存が割高(最適化漏れ),18000,"前延長3本 + 宿泊1部",17000,"休憩(サービスタイム3部) + 休憩(M時間) + 延長1本"
土,16.5,10.5,既存の過少請求(延長取りこぼし),18000,"前延長3本 + 宿泊1部",18400,"休憩(サービスタイム3部) + 休憩(M時間) + 延長2本"
土,16.5,11,既存の過少請求(延長取りこぼし),18000,"前延長3本 + 宿泊1部",19800,"休憩(サービスタイム3部) + 休憩(M時間) + 延長3本"
土,16.5,11.5,既存の過少請求(延長取りこぼし),18000,"前延長3本 + 宿泊1部",20800,"前延長5本 + 宿泊1部"
土,16.5,12,既存の過少請求(延長取りこぼし),18000,"前延長3本 + 宿泊1部",20800,"前延長5本 + 宿泊1部"
土,16.5,12.5,既存の過少請求(延長取りこぼし),18000,"前延長3本 + 宿泊1部",20800,"前延長5本 + 宿泊1部"
土,16.5,13,既存の過少請求(延長取りこぼし),18000,"前延長3本 + 宿泊1部",20800,"前延長5本 + 宿泊1部"
土,16.5,13.5,既存の過少請求(延長取りこぼし),18000,"前延長3本 + 宿泊1部",20800,"前延長5本 + 宿泊1部"
土,16.5,14,既存の過少請求(延長取りこぼし),18000,"前延長3本 + 宿泊1部",20800,"前延長5本 + 宿泊1部"
土,16.5,14.5,既存の過少請求(延長取りこぼし),18000,"前延長3本 + 宿泊1部",20800,"前延長5本 + 宿泊1部"
土,16.5,15,既存の過少請求(延長取りこぼし),18000,"前延長3本 + 宿泊1部",20800,"前延長5本 + 宿泊1部"
土,16.5,15.5,既存の過少請求(延長取りこぼし),18000,"前延長3本 + 宿泊1部",20800,"前延長5本 + 宿泊1部"
土,16.5,16,既存の過少請求(延長取りこぼし),18000,"前延長3本 + 宿泊1部",20800,"前延長5本 + 宿泊1部"
土,16.5,16.5,既存の過少請求(延長取りこぼし),18000,"前延長3本 + 宿泊1部",20800,"前延長5本 + 宿泊1部"
土,16.5,17,既存の過少請求(延長取りこぼし),18000,"前延長3本 + 宿泊1部",20800,"前延長5本 + 宿泊1部"
土,16.5,17.5,既存の過少請求(延長取りこぼし),18000,"前延長3本 + 宿泊1部",20800,"前延長5本 + 宿泊1部"
土,16.5,18,既存の過少請求(延長取りこぼし),18000,"前延長3本 + 宿泊1部",21600,"休憩(サービスタイム3部) + 宿泊2部"
土,16.5,18.5,既存の過少請求(延長取りこぼし),18000,"前延長3本 + 宿泊1部",21600,"休憩(サービスタイム3部) + 宿泊2部"
土,16.5,19,既存の過少請求(延長取りこぼし),18000,"前延長3本 + 宿泊1部",21600,"休憩(サービスタイム3部) + 宿泊2部"
土,16.5,19.5,既存の過少請求(延長取りこぼし),18000,"前延長3本 + 宿泊1部",21600,"休憩(サービスタイム3部) + 宿泊2部"
土,16.5,20,既存の過少請求(延長取りこぼし),19400,"前延長3本 + 宿泊1部 + 延長1本",23000,"休憩(サービスタイム3部) + 宿泊2部 + 延長1本"
土,16.5,20.5,既存の過少請求(延長取りこぼし),20800,"前延長3本 + 宿泊1部 + 延長2本",24400,"休憩(サービスタイム3部) + 宿泊2部 + 延長2本"
土,16.5,21,既存の過少請求(延長取りこぼし),22200,"前延長3本 + 宿泊1部 + 延長3本",25800,"休憩(サービスタイム3部) + 宿泊2部 + 延長3本"
土,16.5,21.5,既存の過少請求(延長取りこぼし),23600,"前延長3本 + 宿泊1部 + 延長4本",27200,"休憩(サービスタイム3部) + 宿泊2部 + 延長4本"
土,16.5,22,既存の過少請求(延長取りこぼし),25000,"前延長3本 + 宿泊1部 + 延長5本",28600,"前延長5本 + 宿泊1部 + 休憩(サービスタイム1部)"
土,16.5,22.5,既存の過少請求(延長取りこぼし),25800,"前延長3本 + 宿泊1部 + 休憩(サービスタイム2部)",28600,"前延長5本 + 宿泊1部 + 休憩(サービスタイム1部)"
土,16.5,23,既存の過少請求(延長取りこぼし),25800,"前延長3本 + 宿泊1部 + 休憩(サービスタイム2部)",28600,"前延長5本 + 宿泊1部 + 休憩(サービスタイム1部)"
土,16.5,23.5,既存の過少請求(延長取りこぼし),25800,"前延長3本 + 宿泊1部 + 休憩(サービスタイム2部)",28600,"前延長5本 + 宿泊1部 + 休憩(サービスタイム1部)"
土,16.5,24,既存の過少請求(延長取りこぼし),25800,"前延長3本 + 宿泊1部 + 休憩(サービスタイム2部)",28600,"前延長5本 + 宿泊1部 + 休憩(サービスタイム2部)"
土,17,9.5,既存の過少請求(延長取りこぼし),16600,"前延長2本 + 宿泊1部",17000,"休憩(サービスタイム3部) + 休憩(M時間) + 延長1本"
土,17,10,既存の過少請求(延長取りこぼし),16600,"前延長2本 + 宿泊1部",18400,"休憩(サービスタイム3部) + 休憩(M時間) + 延長2本"
土,17,10.5,既存の過少請求(延長取りこぼし),16600,"前延長2本 + 宿泊1部",19400,"前延長4本 + 宿泊1部"
土,17,11,既存の過少請求(延長取りこぼし),16600,"前延長2本 + 宿泊1部",19400,"前延長4本 + 宿泊1部"
土,17,11.5,既存の過少請求(延長取りこぼし),16600,"前延長2本 + 宿泊1部",19400,"前延長4本 + 宿泊1部"
土,17,12,既存の過少請求(延長取りこぼし),16600,"前延長2本 + 宿泊1部",19400,"前延長4本 + 宿泊1部"
土,17,12.5,既存の過少請求(延長取りこぼし),16600,"前延長2本 + 宿泊1部",19400,"前延長4本 + 宿泊1部"
土,17,13,既存の過少請求(延長取りこぼし),16600,"前延長2本 + 宿泊1部",19400,"前延長4本 + 宿泊1部"
土,17,13.5,既存の過少請求(延長取りこぼし),16600,"前延長2本 + 宿泊1部",19400,"前延長4本 + 宿泊1部"
土,17,14,既存の過少請求(延長取りこぼし),16600,"前延長2本 + 宿泊1部",19400,"前延長4本 + 宿泊1部"
土,17,14.5,既存の過少請求(延長取りこぼし),16600,"前延長2本 + 宿泊1部",19400,"前延長4本 + 宿泊1部"
土,17,15,既存の過少請求(延長取りこぼし),16600,"前延長2本 + 宿泊1部",19400,"前延長4本 + 宿泊1部"
土,17,15.5,既存の過少請求(延長取りこぼし),16600,"前延長2本 + 宿泊1部",19400,"前延長4本 + 宿泊1部"
土,17,16,既存の過少請求(延長取りこぼし),16600,"前延長2本 + 宿泊1部",19400,"前延長4本 + 宿泊1部"
土,17,16.5,既存の過少請求(延長取りこぼし),16600,"前延長2本 + 宿泊1部",19400,"前延長4本 + 宿泊1部"
土,17,17,既存の過少請求(延長取りこぼし),16600,"前延長2本 + 宿泊1部",19400,"前延長4本 + 宿泊1部"
土,17,17.5,既存の過少請求(延長取りこぼし),16600,"前延長2本 + 宿泊1部",20800,"前延長4本 + 宿泊1部 + 延長1本"
土,17,18,既存の過少請求(延長取りこぼし),16600,"前延長2本 + 宿泊1部",21600,"休憩(サービスタイム3部) + 宿泊2部"
土,17,18.5,既存の過少請求(延長取りこぼし),16600,"前延長2本 + 宿泊1部",21600,"休憩(サービスタイム3部) + 宿泊2部"
土,17,19,既存の過少請求(延長取りこぼし),16600,"前延長2本 + 宿泊1部",21600,"休憩(サービスタイム3部) + 宿泊2部"
土,17,19.5,既存の過少請求(延長取りこぼし),18000,"前延長2本 + 宿泊1部 + 延長1本",23000,"休憩(サービスタイム3部) + 宿泊2部 + 延長1本"
土,17,20,既存の過少請求(延長取りこぼし),19400,"前延長2本 + 宿泊1部 + 延長2本",24400,"休憩(サービスタイム3部) + 宿泊2部 + 延長2本"
土,17,20.5,既存の過少請求(延長取りこぼし),20800,"前延長2本 + 宿泊1部 + 延長3本",25800,"休憩(サービスタイム3部) + 宿泊2部 + 延長3本"
土,17,21,既存の過少請求(延長取りこぼし),22200,"前延長2本 + 宿泊1部 + 延長4本",27200,"前延長4本 + 宿泊1部 + 休憩(M時間)"
土,17,21.5,既存の過少請求(延長取りこぼし),23600,"前延長2本 + 宿泊1部 + 延長5本",27200,"前延長4本 + 宿泊1部 + 休憩(サービスタイム1部)"
土,17,22,既存の過少請求(延長取りこぼし),24400,"前延長2本 + 宿泊1部 + 休憩(サービスタイム2部)",27200,"前延長4本 + 宿泊1部 + 休憩(サービスタイム1部)"
土,17,22.5,既存の過少請求(延長取りこぼし),24400,"前延長2本 + 宿泊1部 + 休憩(サービスタイム2部)",27200,"前延長4本 + 宿泊1部 + 休憩(サービスタイム1部)"
土,17,23,既存の過少請求(延長取りこぼし),24400,"前延長2本 + 宿泊1部 + 休憩(サービスタイム2部)",27200,"前延長4本 + 宿泊1部 + 休憩(サービスタイム1部)"
土,17,23.5,既存の過少請求(延長取りこぼし),24400,"前延長2本 + 宿泊1部 + 休憩(サービスタイム2部)",27200,"前延長4本 + 宿泊1部 + 休憩(サービスタイム2部)"
土,17,24,既存の過少請求(延長取りこぼし),24400,"前延長2本 + 宿泊1部 + 休憩(サービスタイム2部)",27200,"前延長4本 + 宿泊1部 + 休憩(サービスタイム2部)"
土,17.5,7.5,既存の過少請求(延長取りこぼし),15200,"前延長1本 + 宿泊1部",15600,"休憩(M時間) + 休憩(M時間)"
土,17.5,8,既存の過少請求(延長取りこぼし),15200,"前延長1本 + 宿泊1部",15600,"休憩(M時間) + 休憩(M時間)"
土,17.5,8.5,既存の過少請求(延長取りこぼし),15200,"前延長1本 + 宿泊1部",15600,"休憩(サービスタイム3部) + 休憩(M時間)"
土,17.5,9,既存の過少請求(延長取りこぼし),15200,"前延長1本 + 宿泊1部",17000,"休憩(サービスタイム3部) + 休憩(M時間) + 延長1本"
土,17.5,9.5,既存の過少請求(延長取りこぼし),15200,"前延長1本 + 宿泊1部",18000,"前延長3本 + 宿泊1部"
土,17.5,10,既存の過少請求(延長取りこぼし),15200,"前延長1本 + 宿泊1部",18000,"前延長3本 + 宿泊1部"
土,17.5,10.5,既存の過少請求(延長取りこぼし),15200,"前延長1本 + 宿泊1部",18000,"前延長3本 + 宿泊1部"
土,17.5,11,既存の過少請求(延長取りこぼし),15200,"前延長1本 + 宿泊1部",18000,"前延長3本 + 宿泊1部"
土,17.5,11.5,既存の過少請求(延長取りこぼし),15200,"前延長1本 + 宿泊1部",18000,"前延長3本 + 宿泊1部"
土,17.5,12,既存の過少請求(延長取りこぼし),15200,"前延長1本 + 宿泊1部",18000,"前延長3本 + 宿泊1部"
土,17.5,12.5,既存の過少請求(延長取りこぼし),15200,"前延長1本 + 宿泊1部",18000,"前延長3本 + 宿泊1部"
土,17.5,13,既存の過少請求(延長取りこぼし),15200,"前延長1本 + 宿泊1部",18000,"前延長3本 + 宿泊1部"
土,17.5,13.5,既存の過少請求(延長取りこぼし),15200,"前延長1本 + 宿泊1部",18000,"前延長3本 + 宿泊1部"
土,17.5,14,既存の過少請求(延長取りこぼし),15200,"前延長1本 + 宿泊1部",18000,"前延長3本 + 宿泊1部"
土,17.5,14.5,既存の過少請求(延長取りこぼし),15200,"前延長1本 + 宿泊1部",18000,"前延長3本 + 宿泊1部"
土,17.5,15,既存の過少請求(延長取りこぼし),15200,"前延長1本 + 宿泊1部",18000,"前延長3本 + 宿泊1部"
土,17.5,15.5,既存の過少請求(延長取りこぼし),15200,"前延長1本 + 宿泊1部",18000,"前延長3本 + 宿泊1部"
土,17.5,16,既存の過少請求(延長取りこぼし),15200,"前延長1本 + 宿泊1部",18000,"前延長3本 + 宿泊1部"
土,17.5,16.5,既存の過少請求(延長取りこぼし),15200,"前延長1本 + 宿泊1部",18000,"前延長3本 + 宿泊1部"
土,17.5,17,既存の過少請求(延長取りこぼし),15200,"前延長1本 + 宿泊1部",19400,"前延長3本 + 宿泊1部 + 延長1本"
土,17.5,17.5,既存の過少請求(延長取りこぼし),15200,"前延長1本 + 宿泊1部",20800,"前延長3本 + 宿泊1部 + 延長2本"
土,17.5,18,既存の過少請求(延長取りこぼし),15200,"前延長1本 + 宿泊1部",21600,"休憩(サービスタイム3部) + 宿泊2部"
土,17.5,18.5,既存の過少請求(延長取りこぼし),15200,"前延長1本 + 宿泊1部",21600,"休憩(サービスタイム3部) + 宿泊2部"
土,17.5,19,既存の過少請求(延長取りこぼし),16600,"前延長1本 + 宿泊1部 + 延長1本",23000,"休憩(サービスタイム3部) + 宿泊2部 + 延長1本"
土,17.5,19.5,既存の過少請求(延長取りこぼし),18000,"前延長1本 + 宿泊1部 + 延長2本",24400,"休憩(サービスタイム3部) + 宿泊2部 + 延長2本"
土,17.5,20,既存の過少請求(延長取りこぼし),19400,"前延長1本 + 宿泊1部 + 延長3本",25800,"前延長3本 + 宿泊1部 + 休憩(M時間)"
土,17.5,20.5,既存の過少請求(延長取りこぼし),20800,"前延長1本 + 宿泊1部 + 延長4本",25800,"前延長3本 + 宿泊1部 + 休憩(M時間)"
土,17.5,21,既存の過少請求(延長取りこぼし),22200,"前延長1本 + 宿泊1部 + 延長5本",25800,"前延長3本 + 宿泊1部 + 休憩(サービスタイム1部)"
土,17.5,21.5,既存の過少請求(延長取りこぼし),23000,"前延長1本 + 宿泊1部 + 休憩(サービスタイム2部)",25800,"前延長3本 + 宿泊1部 + 休憩(サービスタイム1部)"
土,17.5,22,既存の過少請求(延長取りこぼし),23000,"前延長1本 + 宿泊1部 + 休憩(サービスタイム2部)",25800,"前延長3本 + 宿泊1部 + 休憩(サービスタイム1部)"
土,17.5,22.5,既存の過少請求(延長取りこぼし),23000,"前延長1本 + 宿泊1部 + 休憩(サービスタイム2部)",25800,"前延長3本 + 宿泊1部 + 休憩(サービスタイム1部)"
土,17.5,23,既存の過少請求(延長取りこぼし),23000,"前延長1本 + 宿泊1部 + 休憩(サービスタイム2部)",25800,"前延長3本 + 宿泊1部 + 休憩(サービスタイム2部)"
土,17.5,23.5,既存の過少請求(延長取りこぼし),23000,"前延長1本 + 宿泊1部 + 休憩(サービスタイム2部)",25800,"前延長3本 + 宿泊1部 + 休憩(サービスタイム2部)"
土,17.5,24,既存の過少請求(延長取りこぼし),23000,"前延長1本 + 宿泊1部 + 休憩(サービスタイム2部)",25800,"前延長3本 + 宿泊1部 + 休憩(サービスタイム2部)"
土,18,6.5,既存の過少請求(延長取りこぼし),13800,"宿泊1部",14800,"前延長5本 + 休憩(M時間)"
土,18,7,既存の過少請求(延長取りこぼし),13800,"宿泊1部",15600,"休憩(M時間) + 休憩(M時間)"
土,18,7.5,既存の過少請求(延長取りこぼし),13800,"宿泊1部",15600,"休憩(M時間) + 休憩(M時間)"
土,18,8,既存の過少請求(延長取りこぼし),13800,"宿泊1部",15600,"休憩(M時間) + 休憩(M時間)"
土,18,8.5,既存の過少請求(延長取りこぼし),13800,"宿泊1部",16600,"前延長2本 + 宿泊1部"
土,18,9,既存の過少請求(延長取りこぼし),13800,"宿泊1部",16600,"前延長2本 + 宿泊1部"
土,18,9.5,既存の過少請求(延長取りこぼし),13800,"宿泊1部",16600,"前延長2本 + 宿泊1部"
土,18,10,既存の過少請求(延長取りこぼし),13800,"宿泊1部",16600,"前延長2本 + 宿泊1部"
土,18,10.5,既存の過少請求(延長取りこぼし),13800,"宿泊1部",16600,"前延長2本 + 宿泊1部"
土,18,11,既存の過少請求(延長取りこぼし),13800,"宿泊1部",16600,"前延長2本 + 宿泊1部"
土,18,11.5,既存の過少請求(延長取りこぼし),13800,"宿泊1部",16600,"前延長2本 + 宿泊1部"
土,18,12,既存の過少請求(延長取りこぼし),13800,"宿泊1部",16600,"前延長2本 + 宿泊1部"
土,18,12.5,既存の過少請求(延長取りこぼし),13800,"宿泊1部",16600,"前延長2本 + 宿泊1部"
土,18,13,既存の過少請求(延長取りこぼし),13800,"宿泊1部",16600,"前延長2本 + 宿泊1部"
土,18,13.5,既存の過少請求(延長取りこぼし),13800,"宿泊1部",16600,"前延長2本 + 宿泊1部"
土,18,14,既存の過少請求(延長取りこぼし),13800,"宿泊1部",16600,"前延長2本 + 宿泊1部"
土,18,14.5,既存の過少請求(延長取りこぼし),13800,"宿泊1部",16600,"前延長2本 + 宿泊1部"
土,18,15,既存の過少請求(延長取りこぼし),13800,"宿泊1部",16600,"前延長2本 + 宿泊1部"
土,18,15.5,既存の過少請求(延長取りこぼし),13800,"宿泊1部",16600,"前延長2本 + 宿泊1部"
土,18,16,既存の過少請求(延長取りこぼし),13800,"宿泊1部",16600,"前延長2本 + 宿泊1部"
土,18,16.5,既存の過少請求(延長取りこぼし),13800,"宿泊1部",18000,"前延長2本 + 宿泊1部 + 延長1本"
土,18,17,既存の過少請求(延長取りこぼし),13800,"宿泊1部",19400,"前延長2本 + 宿泊1部 + 延長2本"
土,18,17.5,既存の過少請求(延長取りこぼし),13800,"宿泊1部",20800,"前延長2本 + 宿泊1部 + 延長3本"
土,18,18,既存の過少請求(延長取りこぼし),13800,"宿泊1部",21600,"休憩(M時間) + 宿泊2部"
土,18,18.5,既存の過少請求(延長取りこぼし),15200,"宿泊1部 + 延長1本",23000,"休憩(M時間) + 宿泊2部 + 延長1本"
土,18,19,既存の過少請求(延長取りこぼし),16600,"宿泊1部 + 延長2本",24400,"前延長2本 + 宿泊1部 + 休憩(M時間)"
土,18,19.5,既存の過少請求(延長取りこぼし),18000,"宿泊1部 + 延長3本",24400,"前延長2本 + 宿泊1部 + 休憩(M時間)"
土,18,20,既存の過少請求(延長取りこぼし),19400,"宿泊1部 + 延長4本",24400,"前延長2本 + 宿泊1部 + 休憩(M時間)"
土,18,20.5,既存の過少請求(延長取りこぼし),20800,"宿泊1部 + 延長5本",24400,"前延長2本 + 宿泊1部 + 休憩(サービスタイム1部)"
土,18,21,既存の過少請求(延長取りこぼし),21600,"宿泊1部 + 休憩(サービスタイム2部)",24400,"前延長2本 + 宿泊1部 + 休憩(サービスタイム1部)"
土,18,21.5,既存の過少請求(延長取りこぼし),21600,"宿泊1部 + 休憩(サービスタイム2部)",24400,"前延長2本 + 宿泊1部 + 休憩(サービスタイム1部)"
土,18,22,既存の過少請求(延長取りこぼし),21600,"宿泊1部 + 休憩(サービスタイム2部)",24400,"前延長2本 + 宿泊1部 + 休憩(サービスタイム1部)"
土,18,22.5,既存の過少請求(延長取りこぼし),21600,"宿泊1部 + 休憩(サービスタイム2部)",24400,"前延長2本 + 宿泊1部 + 休憩(サービスタイム2部)"
土,18,23,既存の過少請求(延長取りこぼし),21600,"宿泊1部 + 休憩(サービスタイム2部)",24400,"前延長2本 + 宿泊1部 + 休憩(サービスタイム2部)"
土,18,23.5,既存の過少請求(延長取りこぼし),21600,"宿泊1部 + 休憩(サービスタイム2部)",24400,"前延長2本 + 宿泊1部 + 休憩(サービスタイム2部)"
土,18,24,既存の過少請求(延長取りこぼし),21600,"宿泊1部 + 休憩(サービスタイム2部)",24400,"前延長2本 + 宿泊1部 + 休憩(サービスタイム2部)"
土,18.5,6.5,既存の過少請求(延長取りこぼし),13800,"宿泊1部",14800,"前延長5本 + 休憩(M時間)"
土,18.5,7,既存の過少請求(延長取りこぼし),13800,"宿泊1部",15200,"前延長1本 + 宿泊1部"
土,18.5,7.5,既存の過少請求(延長取りこぼし),13800,"宿泊1部",15200,"前延長1本 + 宿泊1部"
土,18.5,8,既存の過少請求(延長取りこぼし),13800,"宿泊1部",15200,"前延長1本 + 宿泊1部"
土,18.5,8.5,既存の過少請求(延長取りこぼし),13800,"宿泊1部",15200,"前延長1本 + 宿泊1部"
土,18.5,9,既存の過少請求(延長取りこぼし),13800,"宿泊1部",15200,"前延長1本 + 宿泊1部"
土,18.5,9.5,既存の過少請求(延長取りこぼし),13800,"宿泊1部",15200,"前延長1本 + 宿泊1部"
土,18.5,10,既存の過少請求(延長取りこぼし),13800,"宿泊1部",15200,"前延長1本 + 宿泊1部"
土,18.5,10.5,既存の過少請求(延長取りこぼし),13800,"宿泊1部",15200,"前延長1本 + 宿泊1部"
土,18.5,11,既存の過少請求(延長取りこぼし),13800,"宿泊1部",15200,"前延長1本 + 宿泊1部"
土,18.5,11.5,既存の過少請求(延長取りこぼし),13800,"宿泊1部",15200,"前延長1本 + 宿泊1部"
土,18.5,12,既存の過少請求(延長取りこぼし),13800,"宿泊1部",15200,"前延長1本 + 宿泊1部"
土,18.5,12.5,既存の過少請求(延長取りこぼし),13800,"宿泊1部",15200,"前延長1本 + 宿泊1部"
土,18.5,13,既存の過少請求(延長取りこぼし),13800,"宿泊1部",15200,"前延長1本 + 宿泊1部"
土,18.5,13.5,既存の過少請求(延長取りこぼし),13800,"宿泊1部",15200,"前延長1本 + 宿泊1部"
土,18.5,14,既存の過少請求(延長取りこぼし),13800,"宿泊1部",15200,"前延長1本 + 宿泊1部"
土,18.5,14.5,既存の過少請求(延長取りこぼし),13800,"宿泊1部",15200,"前延長1本 + 宿泊1部"
土,18.5,15,既存の過少請求(延長取りこぼし),13800,"宿泊1部",15200,"前延長1本 + 宿泊1部"
土,18.5,15.5,既存の過少請求(延長取りこぼし),13800,"宿泊1部",15200,"前延長1本 + 宿泊1部"
土,18.5,16,既存の過少請求(延長取りこぼし),13800,"宿泊1部",16600,"前延長1本 + 宿泊1部 + 延長1本"
土,18.5,16.5,既存の過少請求(延長取りこぼし),13800,"宿泊1部",18000,"前延長1本 + 宿泊1部 + 延長2本"
土,18.5,17,既存の過少請求(延長取りこぼし),13800,"宿泊1部",19400,"前延長1本 + 宿泊1部 + 延長3本"
土,18.5,17.5,既存の過少請求(延長取りこぼし),13800,"宿泊1部",20800,"前延長1本 + 宿泊1部 + 延長4本"
土,18.5,18,既存の過少請求(延長取りこぼし),15200,"宿泊1部 + 延長1本",22200,"前延長1本 + 宿泊1部 + 延長5本"
土,18.5,18.5,既存の過少請求(延長取りこぼし),16600,"宿泊1部 + 延長2本",23000,"前延長1本 + 宿泊1部 + 休憩(M時間)"
土,18.5,19,既存の過少請求(延長取りこぼし),18000,"宿泊1部 + 延長3本",23000,"前延長1本 + 宿泊1部 + 休憩(M時間)"
土,18.5,19.5,既存の過少請求(延長取りこぼし),19400,"宿泊1部 + 延長4本",23000,"前延長1本 + 宿泊1部 + 休憩(M時間)"
土,18.5,20,既存の過少請求(延長取りこぼし),20800,"宿泊1部 + 延長5本",23000,"前延長1本 + 宿泊1部 + 休憩(サービスタイム1部)"
土,18.5,20.5,既存の過少請求(延長取りこぼし),21600,"宿泊1部 + 休憩(サービスタイム2部)",23000,"前延長1本 + 宿泊1部 + 休憩(サービスタイム1部)"
土,18.5,21,既存の過少請求(延長取りこぼし),21600,"宿泊1部 + 休憩(サービスタイム2部)",23000,"前延長1本 + 宿泊1部 + 休憩(サービスタイム1部)"
土,18.5,21.5,既存の過少請求(延長取りこぼし),21600,"宿泊1部 + 休憩(サービスタイム2部)",23000,"前延長1本 + 宿泊1部 + 休憩(サービスタイム1部)"
土,18.5,22,既存の過少請求(延長取りこぼし),21600,"宿泊1部 + 休憩(サービスタイム2部)",23000,"前延長1本 + 宿泊1部 + 休憩(サービスタイム2部)"
土,18.5,22.5,既存の過少請求(延長取りこぼし),21600,"宿泊1部 + 休憩(サービスタイム2部)",23000,"前延長1本 + 宿泊1部 + 休憩(サービスタイム2部)"
土,18.5,23,既存の過少請求(延長取りこぼし),21600,"宿泊1部 + 休憩(サービスタイム2部)",23000,"前延長1本 + 宿泊1部 + 休憩(サービスタイム2部)"
土,18.5,23.5,既存の過少請求(延長取りこぼし),21600,"宿泊1部 + 休憩(サービスタイム2部)",23000,"前延長1本 + 宿泊1部 + 休憩(サービスタイム2部)"
土,18.5,24,既存の過少請求(延長取りこぼし),21600,"宿泊1部 + 休憩(サービスタイム2部)",23000,"前延長1本 + 宿泊1部 + 休憩(サービスタイム2部)"
土,19,15.5,既存の過少請求(延長取りこぼし),13800,"宿泊1部",15200,"宿泊1部 + 延長1本"
土,19,16,既存の過少請求(延長取りこぼし),13800,"宿泊1部",16600,"宿泊1部 + 延長2本"
土,19,16.5,既存の過少請求(延長取りこぼし),13800,"宿泊1部",18000,"宿泊1部 + 延長3本"
土,19,17,既存の過少請求(延長取りこぼし),13800,"宿泊1部",19400,"宿泊1部 + 延長4本"
土,19,17.5,既存の過少請求(延長取りこぼし),15200,"宿泊1部 + 延長1本",20800,"宿泊1部 + 延長5本"
土,19,18,既存の過少請求(延長取りこぼし),16600,"宿泊1部 + 延長2本",21600,"宿泊1部 + 休憩(M時間)"
土,19,18.5,既存の過少請求(延長取りこぼし),18000,"宿泊1部 + 延長3本",21600,"宿泊1部 + 休憩(M時間)"
土,19,19,既存の過少請求(延長取りこぼし),19400,"宿泊1部 + 延長4本",21600,"宿泊1部 + 休憩(M時間)"
土,19,19.5,既存の過少請求(延長取りこぼし),20800,"宿泊1部 + 延長5本",21600,"宿泊1部 + 休憩(サービスタイム1部)"
土,19.5,15,既存の過少請求(延長取りこぼし),13800,"宿泊1部",15200,"宿泊1部 + 延長1本"
土,19.5,15.5,既存の過少請求(延長取りこぼし),13800,"宿泊1部",16600,"宿泊1部 + 延長2本"
土,19.5,16,既存の過少請求(延長取りこぼし),13800,"宿泊1部",18000,"宿泊1部 + 延長3本"
土,19.5,16.5,既存の過少請求(延長取りこぼし),13800,"宿泊1部",19400,"宿泊1部 + 延長4本"
土,19.5,17,既存の過少請求(延長取りこぼし),15200,"宿泊1部 + 延長1本",20800,"宿泊1部 + 延長5本"
土,19.5,17.5,既存の過少請求(延長取りこぼし),16600,"宿泊1部 + 延長2本",21600,"宿泊1部 + 休憩(M時間)"
土,19.5,18,既存の過少請求(延長取りこぼし),18000,"宿泊1部 + 延長3本",21600,"宿泊1部 + 休憩(M時間)"
土,19.5,18.5,既存の過少請求(延長取りこぼし),19400,"宿泊1部 + 延長4本",21600,"宿泊1部 + 休憩(M時間)"
土,19.5,19,既存の過少請求(延長取りこぼし),20800,"宿泊1部 + 延長5本",21600,"宿泊1部 + 休憩(サービスタイム1部)"
土,19.5,24,既存の過少請求(延長取りこぼし),21600,"宿泊1部 + 休憩(サービスタイム2部)",23000,"宿泊1部 + 休憩(サービスタイム2部) + 延長1本"
土,20,14.5,既存の過少請求(延長取りこぼし),13800,"宿泊1部",15200,"宿泊1部 + 延長1本"
土,20,15,既存の過少請求(延長取りこぼし),13800,"宿泊1部",16600,"宿泊1部 + 延長2本"
土,20,15.5,既存の過少請求(延長取りこぼし),13800,"宿泊1部",18000,"宿泊1部 + 延長3本"
土,20,16,既存の過少請求(延長取りこぼし),13800,"宿泊1部",19400,"前延長4本 + 宿泊2部"
土,20,16.5,既存の過少請求(延長取りこぼし),15200,"宿泊1部 + 延長1本",20800,"前延長4本 + 宿泊2部 + 延長1本"
土,20,17,既存の過少請求(延長取りこぼし),16600,"宿泊1部 + 延長2本",21600,"宿泊1部 + 休憩(M時間)"
土,20,17.5,既存の過少請求(延長取りこぼし),18000,"宿泊1部 + 延長3本",21600,"宿泊1部 + 休憩(M時間)"
土,20,18,既存の過少請求(延長取りこぼし),19400,"宿泊1部 + 延長4本",21600,"宿泊1部 + 休憩(M時間)"
土,20,18.5,既存の過少請求(延長取りこぼし),20800,"宿泊1部 + 延長5本",21600,"宿泊1部 + 休憩(サービスタイム1部)"
土,20,23.5,既存の過少請求(延長取りこぼし),21600,"宿泊1部 + 休憩(サービスタイム2部)",23000,"宿泊1部 + 休憩(サービスタイム2部) + 延長1本"
土,20,24,既存の過少請求(延長取りこぼし),21600,"宿泊1部 + 休憩(サービスタイム2部)",24400,"宿泊1部 + 休憩(サービスタイム2部) + 延長2本"
土,20.5,6,既存が割高(最適化漏れ),13800,"宿泊1部",13400,"前延長3本 + 休憩(M時間) + 延長1本"
土,20.5,14,既存の過少請求(延長取りこぼし),13800,"宿泊1部",15200,"宿泊1部 + 延長1本"
土,20.5,14.5,既存の過少請求(延長取りこぼし),13800,"宿泊1部",16600,"宿泊1部 + 延長2本"
土,20.5,15,既存の過少請求(延長取りこぼし),13800,"宿泊1部",18000,"前延長3本 + 宿泊2部"
土,20.5,15.5,既存の過少請求(延長取りこぼし),13800,"宿泊1部",18000,"前延長3本 + 宿泊2部"
土,20.5,16,既存の過少請求(延長取りこぼし),15200,"宿泊1部 + 延長1本",19400,"前延長3本 + 宿泊2部 + 延長1本"
土,20.5,16.5,既存の過少請求(延長取りこぼし),16600,"宿泊1部 + 延長2本",20800,"前延長3本 + 宿泊2部 + 延長2本"
土,20.5,17,既存の過少請求(延長取りこぼし),18000,"前延長3本 + 宿泊2部",21600,"宿泊1部 + 休憩(M時間)"
土,20.5,17.5,既存の過少請求(延長取りこぼし),18000,"前延長3本 + 宿泊2部",21600,"宿泊1部 + 休憩(M時間)"
土,20.5,18,既存の過少請求(延長取りこぼし),19400,"前延長3本 + 宿泊2部 + 延長1本",21600,"宿泊1部 + 休憩(サービスタイム1部)"
土,20.5,18.5,既存の過少請求(延長取りこぼし),20800,"前延長3本 + 宿泊2部 + 延長2本",21600,"宿泊1部 + 休憩(サービスタイム1部)"
土,20.5,23,既存の過少請求(延長取りこぼし),21600,"宿泊1部 + 休憩(サービスタイム2部)",23000,"宿泊1部 + 休憩(サービスタイム2部) + 延長1本"
土,20.5,23.5,既存の過少請求(延長取りこぼし),21600,"宿泊1部 + 休憩(サービスタイム2部)",24400,"宿泊1部 + 休憩(サービスタイム2部) + 延長2本"
土,20.5,24,既存の過少請求(延長取りこぼし),23000,"宿泊1部 + 休憩(サービスタイム2部) + 延長1本",25800,"宿泊1部 + 休憩(サービスタイム2部) + 延長3本"
土,21,5.5,既存が割高(最適化漏れ),13800,"宿泊1部",12000,"前延長2本 + 休憩(M時間) + 延長1本"
土,21,6,既存が割高(最適化漏れ),13800,"宿泊1部",13400,"前延長2本 + 休憩(M時間) + 延長2本"
土,21,13.5,既存の過少請求(延長取りこぼし),13800,"宿泊1部",15200,"宿泊1部 + 延長1本"
土,21,14,既存の過少請求(延長取りこぼし),13800,"宿泊1部",16600,"前延長2本 + 宿泊2部"
土,21,14.5,既存の過少請求(延長取りこぼし),13800,"宿泊1部",16600,"前延長2本 + 宿泊2部"
土,21,15,既存の過少請求(延長取りこぼし),13800,"宿泊1部",16600,"前延長2本 + 宿泊2部"
土,21,15.5,既存の過少請求(延長取りこぼし),15200,"宿泊1部 + 延長1本",18000,"前延長2本 + 宿泊2部 + 延長1本"
土,21,16,既存の過少請求(延長取りこぼし),16600,"前延長2本 + 宿泊2部",19400,"前延長2本 + 宿泊2部 + 延長2本"
土,21,16.5,既存の過少請求(延長取りこぼし),16600,"前延長2本 + 宿泊2部",20800,"前延長2本 + 宿泊2部 + 延長3本"
土,21,17,既存の過少請求(延長取りこぼし),16600,"前延長2本 + 宿泊2部",21600,"宿泊1部 + 休憩(M時間)"
土,21,17.5,既存の過少請求(延長取りこぼし),18000,"前延長2本 + 宿泊2部 + 延長1本",21600,"宿泊1部 + 休憩(サービスタイム1部)"
土,21,18,既存の過少請求(延長取りこぼし),19400,"前延長2本 + 宿泊2部 + 延長2本",21600,"宿泊1部 + 休憩(サービスタイム1部)"
土,21,18.5,既存の過少請求(延長取りこぼし),20800,"前延長2本 + 宿泊2部 + 延長3本",21600,"宿泊1部 + 休憩(サービスタイム1部)"
土,21,22.5,既存の過少請求(延長取りこぼし),21600,"宿泊1部 + 休憩(サービスタイム2部)",23000,"宿泊1部 + 休憩(サービスタイム2部) + 延長1本"
土,21,23,既存の過少請求(延長取りこぼし),21600,"宿泊1部 + 休憩(サービスタイム2部)",24400,"宿泊1部 + 休憩(サービスタイム2部) + 延長2本"
土,21,23.5,既存の過少請求(延長取りこぼし),23000,"宿泊1部 + 休憩(サービスタイム2部) + 延長1本",25800,"宿泊1部 + 休憩(サービスタイム2部) + 延長3本"
土,21,24,既存の過少請求(延長取りこぼし),24400,"前延長2本 + 宿泊2部 + 休憩(サービスタイム3部)",27200,"宿泊1部 + 休憩(サービスタイム2部) + 延長4本"
土,21.5,5,既存が割高(最適化漏れ),13800,"宿泊1部",10600,"前延長1本 + 休憩(M時間) + 延長1本"
土,21.5,5.5,既存が割高(最適化漏れ),13800,"宿泊1部",12000,"前延長1本 + 休憩(M時間) + 延長2本"
土,21.5,6,既存が割高(最適化漏れ),13800,"宿泊1部",13400,"前延長1本 + 休憩(M時間) + 延長3本"
土,21.5,13,既存の過少請求(延長取りこぼし),13800,"宿泊1部",15200,"前延長1本 + 宿泊2部"
土,21.5,13.5,既存の過少請求(延長取りこぼし),13800,"宿泊1部",15200,"前延長1本 + 宿泊2部"
土,21.5,14,既存の過少請求(延長取りこぼし),13800,"宿泊1部",15200,"前延長1本 + 宿泊2部"
土,21.5,14.5,既存の過少請求(延長取りこぼし),13800,"宿泊1部",15200,"前延長1本 + 宿泊2部"
土,21.5,15,既存の過少請求(延長取りこぼし),15200,"前延長1本 + 宿泊2部",16600,"前延長1本 + 宿泊2部 + 延長1本"
土,21.5,15.5,既存の過少請求(延長取りこぼし),15200,"前延長1本 + 宿泊2部",18000,"前延長1本 + 宿泊2部 + 延長2本"
土,21.5,16,既存の過少請求(延長取りこぼし),15200,"前延長1本 + 宿泊2部",19400,"前延長1本 + 宿泊2部 + 延長3本"
土,21.5,16.5,既存の過少請求(延長取りこぼし),15200,"前延長1本 + 宿泊2部",20800,"前延長1本 + 宿泊2部 + 延長4本"
土,21.5,17,既存の過少請求(延長取りこぼし),16600,"前延長1本 + 宿泊2部 + 延長1本",21600,"宿泊1部 + 休憩(サービスタイム1部)"
土,21.5,17.5,既存の過少請求(延長取りこぼし),18000,"前延長1本 + 宿泊2部 + 延長2本",21600,"宿泊1部 + 休憩(サービスタイム1部)"
土,21.5,18,既存の過少請求(延長取りこぼし),19400,"前延長1本 + 宿泊2部 + 延長3本",21600,"宿泊1部 + 休憩(サービスタイム1部)"
土,21.5,18.5,既存の過少請求(延長取りこぼし),20800,"前延長1本 + 宿泊2部 + 延長4本",21600,"宿泊1部 + 休憩(サービスタイム1部)"
土,21.5,22,既存の過少請求(延長取りこぼし),21600,"宿泊1部 + 休憩(サービスタイム2部)",23000,"宿泊1部 + 休憩(サービスタイム2部) + 延長1本"
土,21.5,22.5,既存の過少請求(延長取りこぼし),21600,"宿泊1部 + 休憩(サービスタイム2部)",24400,"宿泊1部 + 休憩(サービスタイム2部) + 延長2本"
土,21.5,23,既存の過少請求(延長取りこぼし),23000,"前延長1本 + 宿泊2部 + 休憩(サービスタイム3部)",25800,"宿泊1部 + 休憩(サービスタイム2部) + 延長3本"
土,21.5,23.5,既存の過少請求(延長取りこぼし),23000,"前延長1本 + 宿泊2部 + 休憩(サービスタイム3部)",27200,"宿泊1部 + 休憩(サービスタイム2部) + 延長4本"
土,21.5,24,既存の過少請求(延長取りこぼし),23000,"前延長1本 + 宿泊2部 + 休憩(サービスタイム3部)",28600,"前延長1本 + 宿泊2部 + 延長4本 + 休憩(サービスタイム3部)"
土,22,4.5,既存が割高(最適化漏れ),13800,"宿泊2部",9200,"休憩(M時間) + 延長1本"
土,22,5,既存が割高(最適化漏れ),13800,"宿泊2部",10600,"休憩(M時間) + 延長2本"
土,22,5.5,既存が割高(最適化漏れ),13800,"宿泊2部",12000,"休憩(M時間) + 延長3本"
土,22,6,既存が割高(最適化漏れ),13800,"宿泊2部",13400,"休憩(M時間) + 延長4本"
土,22,14.5,既存の過少請求(延長取りこぼし),13800,"宿泊2部",15200,"宿泊2部 + 延長1本"
土,22,15,既存の過少請求(延長取りこぼし),13800,"宿泊2部",16600,"宿泊2部 + 延長2本"
土,22,15.5,既存の過少請求(延長取りこぼし),13800,"宿泊2部",18000,"宿泊2部 + 延長3本"
土,22,16,既存の過少請求(延長取りこぼし),13800,"宿泊2部",19400,"宿泊2部 + 延長4本"
土,22,16.5,既存の過少請求(延長取りこぼし),15200,"宿泊2部 + 延長1本",20800,"宿泊2部 + 延長5本"
土,22,17,既存の過少請求(延長取りこぼし),16600,"宿泊2部 + 延長2本",21600,"宿泊1部 + 休憩(サービスタイム1部)"
土,22,17.5,既存の過少請求(延長取りこぼし),18000,"宿泊2部 + 延長3本",21600,"宿泊1部 + 休憩(サービスタイム1部)"
土,22,18,既存の過少請求(延長取りこぼし),19400,"宿泊2部 + 延長4本",21600,"宿泊1部 + 休憩(サービスタイム1部)"
土,22,18.5,既存の過少請求(延長取りこぼし),20800,"宿泊2部 + 延長5本",21600,"宿泊1部 + 休憩(サービスタイム2部)"
土,22,21.5,既存の過少請求(延長取りこぼし),21600,"宿泊2部 + 休憩(サービスタイム3部)",23000,"宿泊1部 + 休憩(サービスタイム2部) + 延長1本"
土,22,22,既存の過少請求(延長取りこぼし),21600,"宿泊2部 + 休憩(サービスタイム3部)",24400,"宿泊1部 + 休憩(サービスタイム2部) + 延長2本"
土,22,22.5,既存の過少請求(延長取りこぼし),21600,"宿泊2部 + 休憩(サービスタイム3部)",25800,"宿泊1部 + 休憩(サービスタイム2部) + 延長3本"
土,22,23,既存の過少請求(延長取りこぼし),21600,"宿泊2部 + 休憩(サービスタイム3部)",27200,"宿泊1部 + 休憩(サービスタイム2部) + 延長4本"
土,22,23.5,既存の過少請求(延長取りこぼし),21600,"宿泊2部 + 休憩(サービスタイム3部)",27200,"宿泊2部 + 延長4本 + 休憩(サービスタイム3部)"
土,22,24,既存の過少請求(延長取りこぼし),21600,"宿泊2部 + 休憩(サービスタイム3部)",27200,"宿泊2部 + 延長4本 + 休憩(サービスタイム3部)"
土,22.5,4,既存が割高(最適化漏れ),13800,"宿泊2部",9200,"休憩(M時間) + 延長1本"
土,22.5,4.5,既存が割高(最適化漏れ),13800,"宿泊2部",10600,"休憩(M時間) + 延長2本"
土,22.5,5,既存が割高(最適化漏れ),13800,"宿泊2部",12000,"休憩(M時間) + 延長3本"
土,22.5,5.5,既存が割高(最適化漏れ),13800,"宿泊2部",13400,"休憩(M時間) + 延長4本"
土,22.5,14,既存の過少請求(延長取りこぼし),13800,"宿泊2部",15200,"宿泊2部 + 延長1本"
土,22.5,14.5,既存の過少請求(延長取りこぼし),13800,"宿泊2部",16600,"宿泊2部 + 延長2本"
土,22.5,15,既存の過少請求(延長取りこぼし),13800,"宿泊2部",18000,"宿泊2部 + 延長3本"
土,22.5,15.5,既存の過少請求(延長取りこぼし),13800,"宿泊2部",19400,"宿泊2部 + 延長4本"
土,22.5,16,既存の過少請求(延長取りこぼし),15200,"宿泊2部 + 延長1本",20800,"宿泊2部 + 延長5本"
土,22.5,16.5,既存の過少請求(延長取りこぼし),16600,"宿泊2部 + 延長2本",21600,"宿泊1部 + 休憩(サービスタイム1部)"
土,22.5,17,既存の過少請求(延長取りこぼし),18000,"宿泊2部 + 延長3本",21600,"宿泊1部 + 休憩(サービスタイム1部)"
土,22.5,17.5,既存の過少請求(延長取りこぼし),19400,"宿泊2部 + 延長4本",21600,"宿泊1部 + 休憩(サービスタイム1部)"
土,22.5,18,既存の過少請求(延長取りこぼし),20800,"宿泊2部 + 延長5本",21600,"宿泊1部 + 休憩(サービスタイム2部)"
土,22.5,21,既存の過少請求(延長取りこぼし),21600,"宿泊2部 + 休憩(サービスタイム3部)",23000,"宿泊1部 + 休憩(サービスタイム2部) + 延長1本"
土,22.5,21.5,既存の過少請求(延長取りこぼし),21600,"宿泊2部 + 休憩(サービスタイム3部)",24400,"宿泊1部 + 休憩(サービスタイム2部) + 延長2本"
土,22.5,22,既存の過少請求(延長取りこぼし),21600,"宿泊2部 + 休憩(サービスタイム3部)",25800,"宿泊1部 + 休憩(サービスタイム2部) + 延長3本"
土,22.5,22.5,既存の過少請求(延長取りこぼし),21600,"宿泊2部 + 休憩(サービスタイム3部)",27200,"宿泊1部 + 休憩(サービスタイム2部) + 延長4本"
土,22.5,23,既存の過少請求(延長取りこぼし),21600,"宿泊2部 + 休憩(サービスタイム3部)",27200,"宿泊2部 + 延長4本 + 休憩(サービスタイム3部)"
土,22.5,23.5,既存の過少請求(延長取りこぼし),21600,"宿泊2部 + 休憩(サービスタイム3部)",27200,"宿泊2部 + 延長4本 + 休憩(サービスタイム3部)"
土,22.5,24,既存の過少請求(延長取りこぼし),21600,"宿泊2部 + 休憩(サービスタイム3部)",28600,"宿泊2部 + 延長4本 + 休憩(サービスタイム3部) + 延長1本"
土,23,3.5,既存が割高(最適化漏れ),13800,"宿泊2部",9200,"休憩(M時間) + 延長1本"
土,23,4,既存が割高(最適化漏れ),13800,"宿泊2部",10600,"休憩(M時間) + 延長2本"
土,23,4.5,既存が割高(最適化漏れ),13800,"宿泊2部",12000,"休憩(M時間) + 延長3本"
土,23,5,既存が割高(最適化漏れ),13800,"宿泊2部",13400,"休憩(M時間) + 延長4本"
土,23,13.5,既存の過少請求(延長取りこぼし),13800,"宿泊2部",15200,"宿泊2部 + 延長1本"
土,23,14,既存の過少請求(延長取りこぼし),13800,"宿泊2部",16600,"宿泊2部 + 延長2本"
土,23,14.5,既存の過少請求(延長取りこぼし),13800,"宿泊2部",18000,"宿泊2部 + 延長3本"
土,23,15,既存の過少請求(延長取りこぼし),13800,"宿泊2部",19400,"宿泊2部 + 延長4本"
土,23,15.5,既存の過少請求(延長取りこぼし),15200,"宿泊2部 + 延長1本",20800,"宿泊2部 + 延長5本"
土,23,16,既存の過少請求(延長取りこぼし),16600,"宿泊2部 + 延長2本",21600,"宿泊1部 + 休憩(サービスタイム1部)"
土,23,16.5,既存の過少請求(延長取りこぼし),18000,"宿泊2部 + 延長3本",21600,"宿泊1部 + 休憩(サービスタイム1部)"
土,23,17,既存の過少請求(延長取りこぼし),19400,"宿泊2部 + 延長4本",21600,"宿泊1部 + 休憩(サービスタイム1部)"
土,23,17.5,既存の過少請求(延長取りこぼし),20800,"宿泊2部 + 延長5本",21600,"宿泊1部 + 休憩(サービスタイム2部)"
土,23,20.5,既存の過少請求(延長取りこぼし),21600,"宿泊2部 + 休憩(サービスタイム3部)",23000,"宿泊1部 + 休憩(サービスタイム2部) + 延長1本"
土,23,21,既存の過少請求(延長取りこぼし),21600,"宿泊2部 + 休憩(サービスタイム3部)",24400,"宿泊1部 + 休憩(サービスタイム2部) + 延長2本"
土,23,21.5,既存の過少請求(延長取りこぼし),21600,"宿泊2部 + 休憩(サービスタイム3部)",25800,"宿泊1部 + 休憩(サービスタイム2部) + 延長3本"
土,23,22,既存の過少請求(延長取りこぼし),21600,"宿泊2部 + 休憩(サービスタイム3部)",27200,"宿泊1部 + 休憩(サービスタイム2部) + 延長4本"
土,23,22.5,既存の過少請求(延長取りこぼし),21600,"宿泊2部 + 休憩(サービスタイム3部)",27200,"宿泊2部 + 延長4本 + 休憩(サービスタイム3部)"
土,23,23,既存の過少請求(延長取りこぼし),21600,"宿泊2部 + 休憩(サービスタイム3部)",27200,"宿泊2部 + 延長4本 + 休憩(サービスタイム3部)"
土,23,23.5,既存の過少請求(延長取りこぼし),21600,"宿泊2部 + 休憩(サービスタイム3部)",28600,"宿泊2部 + 延長4本 + 休憩(サービスタイム3部) + 延長1本"
土,23,24,既存の過少請求(延長取りこぼし),21600,"宿泊2部 + 休憩(サービスタイム3部)",29400,"宿泊1部 + 休憩(サービスタイム2部) + 休憩(M時間)"
土,23.5,3.5,既存が割高(最適化漏れ),13800,"宿泊2部",10600,"休憩(M時間) + 延長2本"
土,23.5,4,既存が割高(最適化漏れ),13800,"宿泊2部",12000,"休憩(M時間) + 延長3本"
土,23.5,4.5,既存が割高(最適化漏れ),13800,"宿泊2部",13400,"休憩(M時間) + 延長4本"
土,23.5,13,既存の過少請求(延長取りこぼし),13800,"宿泊2部",15200,"宿泊2部 + 延長1本"
土,23.5,13.5,既存の過少請求(延長取りこぼし),13800,"宿泊2部",16600,"宿泊2部 + 延長2本"
土,23.5,14,既存の過少請求(延長取りこぼし),13800,"宿泊2部",18000,"宿泊2部 + 延長3本"
土,23.5,14.5,既存の過少請求(延長取りこぼし),13800,"宿泊2部",19400,"宿泊2部 + 延長4本"
土,23.5,15,既存の過少請求(延長取りこぼし),15200,"宿泊2部 + 延長1本",20800,"宿泊2部 + 延長5本"
土,23.5,15.5,既存の過少請求(延長取りこぼし),16600,"宿泊2部 + 延長2本",21600,"宿泊1部 + 休憩(サービスタイム1部)"
土,23.5,16,既存の過少請求(延長取りこぼし),18000,"宿泊2部 + 延長3本",21600,"宿泊1部 + 休憩(サービスタイム1部)"
土,23.5,16.5,既存の過少請求(延長取りこぼし),19400,"宿泊2部 + 延長4本",21600,"宿泊1部 + 休憩(サービスタイム1部)"
土,23.5,17,既存の過少請求(延長取りこぼし),20800,"宿泊2部 + 延長5本",21600,"宿泊1部 + 休憩(サービスタイム2部)"
土,23.5,20,既存の過少請求(延長取りこぼし),21600,"宿泊2部 + 休憩(サービスタイム3部)",23000,"宿泊1部 + 休憩(サービスタイム2部) + 延長1本"
土,23.5,20.5,既存の過少請求(延長取りこぼし),21600,"宿泊2部 + 休憩(サービスタイム3部)",24400,"宿泊1部 + 休憩(サービスタイム2部) + 延長2本"
土,23.5,21,既存の過少請求(延長取りこぼし),21600,"宿泊2部 + 休憩(サービスタイム3部)",25800,"宿泊1部 + 休憩(サービスタイム2部) + 延長3本"
土,23.5,21.5,既存の過少請求(延長取りこぼし),21600,"宿泊2部 + 休憩(サービスタイム3部)",27200,"宿泊1部 + 休憩(サービスタイム2部) + 延長4本"
土,23.5,22,既存の過少請求(延長取りこぼし),21600,"宿泊2部 + 休憩(サービスタイム3部)",27200,"宿泊2部 + 延長4本 + 休憩(サービスタイム3部)"
土,23.5,22.5,既存の過少請求(延長取りこぼし),21600,"宿泊2部 + 休憩(サービスタイム3部)",27200,"宿泊2部 + 延長4本 + 休憩(サービスタイム3部)"
土,23.5,23,既存の過少請求(延長取りこぼし),21600,"宿泊2部 + 休憩(サービスタイム3部)",28600,"宿泊2部 + 延長4本 + 休憩(サービスタイム3部) + 延長1本"
土,23.5,23.5,既存の過少請求(延長取りこぼし),21600,"宿泊2部 + 休憩(サービスタイム3部)",29400,"宿泊1部 + 休憩(サービスタイム2部) + 休憩(M時間)"
土,23.5,24,既存の過少請求(延長取りこぼし),23000,"宿泊2部 + 休憩(サービスタイム3部) + 延長1本",30800,"宿泊1部 + 休憩(サービスタイム2部) + 延長1本 + 休憩(M時間)"